# Jobs the on-demand CAX41 can run (T047). One row per job, tab-separated.
# Read by infra/hetzner/cax41/spawn.sh on the orchestrator and by
# infra/hetzner/jobs/worker.sh on the worker, so both sides agree on the
# ceiling and the prefixes. A dash means "none". Lines starting with # are
# comments. Keep it LF (jobs/.gitattributes): a CR would end up in the prefix.
#
# job              name of infra/hetzner/jobs/<job>.sh; spawn.sh <job> [args]
# inputs_prefix    R2 prefix under bucket carta mirrored to /srv/carta/in
# inputs_include   rclone --include patterns, comma-separated; {arg} expands
#                  once per job argument
# outputs_prefix   where spawn.sh promotes the run's out/ after an ok status
# ceiling_h        hard wall-clock ceiling from server create to delete
# expected_h       planning estimate, used for the planned cost only
# needs            setup worker.sh does before the job: python (venv from
#                  requirements.txt + constraints.txt), photos (CPU torch and
#                  OpenCLIP), docker (docker.io from Ubuntu)
# wraps            the local command the job runs, for the reader
job	inputs_prefix	inputs_include	outputs_prefix	ceiling_h	expected_h	needs	wraps
selftest	-	-	archive/built/selftest	1	0.25	-	uname, nproc, free, df and an R2 round trip; proves spawn, status, push and delete
valhalla_tiles	archive/inputs/geofabrik	*/{arg}-latest.osm.pbf	archive/built/valhalla	6	1	docker	docker run ghcr.io/valhalla/valhalla-scripted with serve_tiles=False, as tools/trailslab/valhalla/docker-compose.yml configures it
planetiler	archive/inputs/geofabrik	*/{arg}-latest.osm.pbf	tiles/basemap	8	2	docker	STUB, exits 3: no Planetiler profile or consumer exists in the repo (architecture section 5.4)
clip_sweep	archive/caches	{arg}-cache.tar.gz,photo-embeddings.tar.gz,photo-support.tar.gz	archive/caches	12	3	python,photos	python pipeline/photos/rescore.py <layer>, then pipeline/archive/pack.py for the layer and the embeddings
image_transcode	-	-	img	8	6	python	STUB, exits 3: pipeline/photos/derive.py (architecture section 8 step 4) is not written
