country,nuts3,region_name,layer,published,quota,deficit,candidate_id,candidate_name,rejected_by,rejected_detail
LU,LU000,Luxembourg,cycling,,30,30,,,,
DE,DE259,Nürnberger Land,cycling,,26,26,,,,
GB,TLM20,Highlands and Islands,cycling,,29,23,,,,
ES,ES241,Huesca,cycling,,18,18,,,,
LV,LV005,Latgale,cycling,,18,18,,,,
PL,PL515,Jeleniogórski,cycling,,18,18,,,,
CZ,CZ080,Moravskoslezský kraj,cycling,,17,17,,,,
DE,DEA28,Euskirchen,cycling,,17,17,,,,
DE,DE25B,Roth,cycling,,17,17,,,,
NL,NL221,Veluwe,cycling,,17,17,,,,
SE,SE322,Jämtlands län,cycling,,17,17,,,,
GB,TLE22,North Yorkshire,cycling,,18,17,,,,
SE,SE224,Skåne län,cycling,,16,16,,,,
CH,CH056,Graubünden / Grigioni / Grischun,cycling,,15,15,,,,
CZ,CZ032,Plzeňský kraj,cycling,,15,15,,,,
DE,DEB22,Bernkastel-Wittlich,cycling,,15,15,,,,
DE,DE234,Amberg-Sulzbach,cycling,,15,15,,,,
GR,EL422,"Andros, Thira, Kea - Kythnos, Milos, Mykonos, Naxos, Paros,  Syros, Tinos",cycling,,15,15,,,,
ME,ME000,Crna Gora,cycling,,15,15,,,,
IT,ITH33,Belluno,cycling,,15,15,,,,
SK,SK032,Banskobystrický kraj,cycling,,15,15,,,,
GB,TLM02,"Perth and Kinross, and Stirling",cycling,,21,15,,,,
CH,CH012,Valais / Wallis,cycling,,14,14,,,,
DE,DE734,"Kassel, Landkreis",cycling,,14,14,,,,
ES,ES243,Zaragoza,cycling,,14,14,,,,
PL,PL218,Nowosądecki,cycling,,14,14,,,,
CZ,CZ020,Středočeský kraj,cycling,,13,13,,,,
CZ,CZ031,Jihočeský kraj,cycling,,13,13,,,,
DE,DED42,Erzgebirgskreis,cycling,,13,13,,,,
DE,DEA57,Hochsauerlandkreis,cycling,,13,13,,,,
DE,DE267,Haßberge,cycling,,13,13,,,,
DE,DE246,"Bayreuth, Landkreis",cycling,,13,13,,,,
DE,DE719,Main-Kinzig-Kreis,cycling,,13,13,,,,
ES,ES220,Navarra,cycling,,13,13,,,,
HU,HU233,Tolna,cycling,,13,13,,,,
LI,LI000,Liechtenstein,cycling,,13,13,,,,
IT,ITH10,Bolzano-Bozen,cycling,,13,13,,,,
IT,ITC47,Brescia,cycling,,13,13,,,,
IE,IE042,West,cycling,,13,13,,,,
SK,SK031,Žilinský kraj,cycling,,13,13,,,,
BE,BE344,Arr. Neufchâteau,cycling,,12,12,,,,
CY,CY000,Kýpros,cycling,,12,12,,,,
DE,DE24C,Lichtenfels,cycling,,12,12,,,,
DK,DK032,Sydjylland,cycling,,12,12,,,,
FR,FRK21,Ain,cycling,,12,12,,,,
PL,PL517,Wałbrzyski,cycling,,12,12,,,,
SI,SI041,Osrednjeslovenska,cycling,,12,12,,,,
SE,SE232,Västra Götalands län,cycling,,12,12,,,,
GB,TLK73,Gloucestershire CC,cycling,,12,12,,,,
CH,CH021,Bern / Berne,cycling,,11,11,,,,
CH,CH040,Zürich,cycling,,11,11,,,,
CZ,CZ052,Královéhradecký kraj,cycling,,11,11,,,,
CZ,CZ064,Jihomoravský kraj,cycling,,11,11,,,,
DE,DE94E,"Osnabrück, Landkreis",cycling,,11,11,,,,
DE,DEA5A,Siegen-Wittgenstein,cycling,,11,11,,,,
DE,DE236,Neumarkt i. d. OPf.,cycling,,11,11,,,,
DE,DE264,"Aschaffenburg, Landkreis",cycling,,11,11,,,,
GR,EL651,"Argolida, Arkadia",cycling,,11,11,,,,
ES,ES431,Badajoz,cycling,,11,11,,,,
ES,ES432,Cáceres,cycling,,11,11,,,,
FR,FRK28,Haute-Savoie,cycling,,11,11,,,,
FR,FRK14,Puy-de-Dôme,cycling,,11,11,,,,
LT,LT026,Šiaulių apskritis,cycling,,11,11,,,,
IT,ITC20,Valle d’Aosta/Vallée d’Aoste,cycling,,11,11,,,,
NL,NL213,Twente,cycling,,11,11,,,,
NL,NL32B,Groot-Amsterdam,cycling,,11,11,,,,
PL,PL821,Krośnieński,cycling,,11,11,,,,
PL,PL621,Elbląski,cycling,,11,11,,,,
PT,PT11D,Douro,cycling,,11,11,,,,
SK,SK041,Prešovský kraj,cycling,,11,11,,,,
SE,SE332,Norrbottens län,cycling,,11,11,,,,
GB,TLC42,Northumberland,cycling,,11,11,,,,
GB,TLH52,North and West Norfolk,cycling,,12,11,,,,
GB,TLK43,Devon CC,cycling,,13,11,,,,
AT,AT211,Klagenfurt-Villach,cycling,,10,10,,,,
BE,BE335,Arr. Verviers — communes francophones,cycling,,10,10,,,,
BG,BG413,Blagoevgrad,cycling,,10,10,,,,
DE,DE145,Alb-Donau-Kreis,cycling,,10,10,,,,
DE,DEB3K,Südwestpfalz,cycling,,10,10,,,,
DE,DED2F,Sächsische Schweiz-Osterzgebirge,cycling,,10,10,,,,
DE,DE225,Freyung-Grafenau,cycling,,10,10,,,,
ES,ES120,Asturias,cycling,,10,10,,,,
FR,FRL02,Hautes-Alpes ,cycling,,10,10,,,,
FR,FRK23,Drôme,cycling,,10,10,,,,
HU,HU212,Komárom-Esztergom,cycling,,10,10,,,,
IE,IE051,Mid-West ,cycling,,10,10,,,,
IT,ITF11,L’Aquila,cycling,,10,10,,,,
IS,IS002,Landsbyggð,cycling,,10,10,,,,
RO,RO112,Bistriţa-Năsăud,cycling,,10,10,,,,
PT,PT1C1,Alentejo Litoral,cycling,,10,10,,,,
PL,PL721,Kielecki,cycling,,10,10,,,,
GB,TLG22,Shropshire,cycling,,10,10,,,,
GB,TLJ13,Buckinghamshire,cycling,,10,10,,,,
AT,AT124,Waldviertel,cycling,,9,9,,,,
BE,BE351,Arr. Dinant,cycling,,9,9,,,,
CH,CH055,St. Gallen,cycling,,9,9,,,,
DE,DE134,Ortenaukreis,cycling,,9,9,,,,
DE,DEB3C,Bad Dürkheim,cycling,,9,9,,,,
DE,DE938,Heidekreis,cycling,,9,9,,,,
DE,DE229,Regen,cycling,,9,9,,,,
DE,DE737,Werra-Meißner-Kreis,cycling,,9,9,,,,
DE,DE40E,Potsdam-Mittelmark,cycling,,9,9,,,,
DE,DE25C,Weißenburg-Gunzenhausen,cycling,,9,9,,,,
DE,DE239,Schwandorf,cycling,,9,9,,,,
DE,DE219,Eichstätt,cycling,,9,9,,,,
DE,DE269,Miltenberg,cycling,,9,9,,,,
DE,DE21K,"Rosenheim, Landkreis",cycling,,9,9,,,,
DE,DE724,Marburg-Biedenkopf,cycling,,9,9,,,,
DK,DK042,Østjylland,cycling,,9,9,,,,
DE,DEG0T,Ilm-Kreis,cycling,,9,9,,,,
EE,EE008,Lõuna-Eesti,cycling,,9,9,,,,
EE,EE004,Lääne-Eesti,cycling,,9,9,,,,
EE,EE009,Kesk-Eesti,cycling,,9,9,,,,
ES,ES511,Barcelona,cycling,,9,9,,,,
ES,ES513,Lleida,cycling,,9,9,,,,
IT,ITI13,Pistoia,cycling,,9,9,,,,
IT,ITI17,Pisa,cycling,,9,9,,,,
IE,IE053,South-West ,cycling,,9,9,,,,
IT,ITC13,Biella,cycling,,9,9,,,,
IT,ITC16,Cuneo,cycling,,9,9,,,,
PL,PL219,Nowotarski,cycling,,9,9,,,,
NL,NL423,Zuid-Limburg,cycling,,9,9,,,,
NO,NO020,Innlandet,cycling,,9,9,,,,
NL,NL414,Zuidoost-Noord-Brabant,cycling,,9,9,,,,
RS,RS211,Zlatiborska oblast,cycling,,9,9,,,,
SE,SE313,Gävleborgs län,cycling,,9,9,,,,
SE,SE213,Kalmar län,cycling,,9,9,,,,
GB,TLH53,Breckland and South Norfolk,cycling,,9,9,,,,
GB,TLK62,Somerset,cycling,,9,9,,,,
AT,AT122,Niederösterreich-Süd,cycling,,8,8,,,,
AT,AT212,Oberkärnten,cycling,,8,8,,,,
DE,DE118,"Heilbronn, Landkreis",cycling,,8,8,,,,
DE,DE13A,Waldshut,cycling,,8,8,,,,
DE,DEB11,"Koblenz, Kreisfreie Stadt",cycling,,8,8,,,,
DE,DEB25,Trier-Saarburg,cycling,,8,8,,,,
DE,DEB1D,Rhein-Hunsrück-Kreis,cycling,,8,8,,,,
DE,DEA2B,Rheinisch-Bergischer Kreis,cycling,,8,8,,,,
DE,DEA45,Lippe,cycling,,8,8,,,,
DE,DEA1C,Mettmann,cycling,,8,8,,,,
DE,DE257,Erlangen-Höchstadt,cycling,,8,8,,,,
DE,DE735,Schwalm-Eder-Kreis,cycling,,8,8,,,,
DE,DE27E,Oberallgäu,cycling,,8,8,,,,
DE,DE80J,Mecklenburgische Seenplatte,cycling,,8,8,,,,
DE,DE148,Ravensburg,cycling,,8,8,,,,
DE,DE237,Neustadt a. d. Waldnaab,cycling,,8,8,,,,
DE,DE26A,Main-Spessart,cycling,,8,8,,,,
DE,DE248,Forchheim,cycling,,8,8,,,,
DE,DE71B,Odenwaldkreis,cycling,,8,8,,,,
DE,DE71D,Rheingau-Taunus-Kreis,cycling,,8,8,,,,
DE,DE256,"Ansbach, Landkreis",cycling,,8,8,,,,
ES,ES113,Ourense,cycling,,8,8,,,,
ES,ES422,Ciudad Real,cycling,,8,8,,,,
DE,DEG0R,Wartburgkreis,cycling,,8,8,,,,
GR,EL543,Ioannina,cycling,,8,8,,,,
EE,EE001,Põhja-Eesti,cycling,,8,8,,,,
FR,FRE21,Aisne,cycling,,8,8,,,,
FR,FRC22,Jura,cycling,,8,8,,,,
FR,FRF12,Haut-Rhin,cycling,,8,8,,,,
ES,ES512,Girona,cycling,,8,8,,,,
HU,HU221,Győr-Moson-Sopron,cycling,,8,8,,,,
FR,FRM02,Haute-Corse,cycling,,8,8,,,,
FR,FRJ21,Ariège,cycling,,8,8,,,,
LV,LV00C,Vidzeme,cycling,,8,8,,,,
IT,ITI43,Roma,cycling,,8,8,,,,
IT,ITG12,Palermo,cycling,,8,8,,,,
IT,ITC33,Genova,cycling,,8,8,,,,
IT,ITC44,Sondrio,cycling,,8,8,,,,
IT,ITC11,Torino,cycling,,8,8,,,,
NO,NO0A2,Vestland,cycling,,8,8,,,,
NO,NO060,Trøndelag/Trööndelage,cycling,,8,8,,,,
NO,NO073,Finnmark/Finnmárku/Finmarkku,cycling,,8,8,,,,
NL,NL211,Noord-Overijssel,cycling,,8,8,,,,
NL,NL342,Overig Zeeland,cycling,,8,8,,,,
RO,RO422,Caraş-Severin,cycling,,8,8,,,,
PL,PL843,Suwalski,cycling,,8,8,,,,
PL,PL518,Wrocławski,cycling,,8,8,,,,
PL,PL921,Radomski,cycling,,8,8,,,,
PL,PL428,Szczeciński,cycling,,8,8,,,,
PL,PL812,Chełmsko-zamojski,cycling,,8,8,,,,
SK,SK021,Trnavský kraj,cycling,,8,8,,,,
SE,SE221,Blekinge län,cycling,,8,8,,,,
SE,SE123,Östergötlands län,cycling,,8,8,,,,
SI,SI034,Savinjska,cycling,,8,8,,,,
SI,SI042,Gorenjska,cycling,,8,8,,,,
GB,TLC41,Durham,cycling,,9,8,,,,
GB,TLJ26,East Surrey,cycling,,8,8,,,,
GB,TLJ34,Isle of Wight,cycling,,9,8,,,,
GB,TLJ46,West Kent,cycling,,8,8,,,,
GB,TLK30,Cornwall and Isles of Scilly,cycling,,8,8,,,,
GB,TLM95,South Lanarkshire,cycling,,8,8,,,,
AT,AT112,Nordburgenland,cycling,,7,7,,,,
AT,AT213,Unterkärnten,cycling,,7,7,,,,
AT,AT322,Pinzgau-Pongau,cycling,,7,7,,,,
AT,AT332,Innsbruck,cycling,,7,7,,,,
AT,AT313,Mühlviertel,cycling,,7,7,,,,
BE,BE223,Arr. Tongeren,cycling,,7,7,,,,
BE,BE225,Arr. Maaseik,cycling,,7,7,,,,
BE,BE345,Arr. Virton,cycling,,7,7,,,,
BE,BE352,Arr. Namur,cycling,,7,7,,,,
BE,BE332,Arr. Liège,cycling,,7,7,,,,
BG,BG315,Lovech,cycling,,7,7,,,,
BG,BG412,Sofia,cycling,,7,7,,,,
BG,BG421,Plovdiv,cycling,,7,7,,,,
CH,CH070,Ticino,cycling,,7,7,,,,
CZ,CZ042,Ústecký kraj,cycling,,7,7,,,,
CZ,CZ051,Liberecký kraj,cycling,,7,7,,,,
CZ,CZ063,Kraj Vysočina,cycling,,7,7,,,,
DE,DE11A,Schwäbisch Hall,cycling,,7,7,,,,
DE,DE135,Rottweil,cycling,,7,7,,,,
DE,DE937,Rotenburg (Wümme),cycling,,7,7,,,,
DE,DEB3H,Südliche Weinstraße,cycling,,7,7,,,,
DE,DEA2C,Rhein-Sieg-Kreis,cycling,,7,7,,,,
DE,DEA2D,Städteregion Aachen,cycling,,7,7,,,,
DE,DE736,Waldeck-Frankenberg,cycling,,7,7,,,,
DE,DE715,Bergstraße,cycling,,7,7,,,,
ES,ES412,Burgos,cycling,,7,7,,,,
GR,EL622,Kerkyra,cycling,,7,7,,,,
DK,DK022,Vest- og Sydsjælland,cycling,,7,7,,,,
FR,FRC12,Nièvre,cycling,,7,7,,,,
FR,FRD11,Calvados ,cycling,,7,7,,,,
ES,ES615,Huelva,cycling,,7,7,,,,
ES,ES514,Tarragona,cycling,,7,7,,,,
ES,ES523,Valencia/València,cycling,,7,7,,,,
HU,HU213,Veszprém,cycling,,7,7,,,,
FR,FRK27,Savoie,cycling,,7,7,,,,
HR,HR035,Splitsko-dalmatinska županija,cycling,,7,7,,,,
FR,FRL03,Alpes-Maritimes,cycling,,7,7,,,,
FR,FRF31,Meurthe-et-Moselle ,cycling,,7,7,,,,
LV,LV00A,Rīga,cycling,,7,7,,,,
IT,ITI22,Terni,cycling,,7,7,,,,
IT,ITI42,Rieti,cycling,,7,7,,,,
IT,ITI21,Perugia,cycling,,7,7,,,,
IT,ITC46,Bergamo,cycling,,7,7,,,,
IT,ITC48,Pavia,cycling,,7,7,,,,
IT,ITC42,Como,cycling,,7,7,,,,
IE,IE062,Mid-East,cycling,,7,7,,,,
NL,NL127,Noord-Friesland,cycling,,7,7,,,,
NL,NL327,Het Gooi en Vechtstreek,cycling,,7,7,,,,
PL,PL427,Szczecinecko-pyrzycki,cycling,,7,7,,,,
SI,SI032,Podravska,cycling,,7,7,,,,
SI,SI043,Goriška,cycling,,7,7,,,,
GB,TLG13,Warwickshire CC,cycling,,8,7,,,,
GB,TLJ44,East Kent,cycling,,7,7,,,,
AT,AT113,Südburgenland,cycling,,6,6,,,,
AT,AT224,Oststeiermark,cycling,,6,6,,,,
AT,AT225,West- und Südsteiermark,cycling,,6,6,,,,
AT,AT222,Liezen,cycling,,6,6,,,,
AT,AT223,Östliche Obersteiermark,cycling,,6,6,,,,
AT,AT315,Traunviertel,cycling,,6,6,,,,
AT,AT335,Tiroler Unterland,cycling,,6,6,,,,
BE,BE211,Arr. Antwerpen,cycling,,6,6,,,,
BE,BE213,Arr. Turnhout,cycling,,6,6,,,,
BE,BE310,Arr. Nivelles,cycling,,6,6,,,,
BE,BE336,Bezirk Verviers — Deutschsprachige Gemeinschaft,cycling,,6,6,,,,
BE,BE342,Arr. Bastogne,cycling,,6,6,,,,
BE,BE343,Arr. Marche-en-Famenne,cycling,,6,6,,,,
BE,BE32D,Arr. Thuin,cycling,,6,6,,,,
BG,BG424,Smolyan,cycling,,6,6,,,,
CH,CH064,Obwalden,cycling,,6,6,,,,
CZ,CZ053,Pardubický kraj,cycling,,6,6,,,,
DE,DE111,"Stuttgart, Stadtkreis",cycling,,6,6,,,,
DE,DE114,Göppingen,cycling,,6,6,,,,
CZ,CZ071,Olomoucký kraj,cycling,,6,6,,,,
CZ,CZ072,Zlínský kraj,cycling,,6,6,,,,
DE,DE139,Lörrach,cycling,,6,6,,,,
DE,DED53,Nordsachsen,cycling,,6,6,,,,
DE,DED2D,Görlitz,cycling,,6,6,,,,
DE,DED44,Vogtlandkreis,cycling,,6,6,,,,
DE,DE235,Cham,cycling,,6,6,,,,
DE,DE147,Bodenseekreis,cycling,,6,6,,,,
DE,DE23A,Tirschenreuth,cycling,,6,6,,,,
DE,DE716,Darmstadt-Dieburg,cycling,,6,6,,,,
DE,DE725,Vogelsbergkreis,cycling,,6,6,,,,
DE,DE224,Deggendorf,cycling,,6,6,,,,
ES,ES300,Madrid,cycling,,6,6,,,,
GR,EL611,"Karditsa, Trikala",cycling,,6,6,,,,
ES,ES212,Gipuzkoa,cycling,,6,6,,,,
ES,ES112,Lugo,cycling,,6,6,,,,
ES,ES114,Pontevedra,cycling,,6,6,,,,
GR,EL307,"Peiraias, Nisoi",cycling,,6,6,,,,
DK,DK050,Nordjylland,cycling,,6,6,,,,
GR,EL434,Chania,cycling,,6,6,,,,
FI,FI1D7,Lappi,cycling,,6,6,,,,
ES,ES521,Alicante/Alacant,cycling,,6,6,,,,
HR,HR031,Primorsko-goranska županija,cycling,,6,6,,,,
FR,FRL04,Bouches-du-Rhône,cycling,,6,6,,,,
HU,HU120,Pest,cycling,,6,6,,,,
FR,FRJ25,Lot,cycling,,6,6,,,,
FR,FRJ26,Hautes-Pyrénées ,cycling,,6,6,,,,
FR,FRJ12,Gard,cycling,,6,6,,,,
FR,FRF23,Marne,cycling,,6,6,,,,
FR,FRH02,Finistère,cycling,,6,6,,,,
FR,FRH03,Ille-et-Vilaine,cycling,,6,6,,,,
IT,ITG2H,Sud Sardegna,cycling,,6,6,,,,
LT,LT021,Alytaus apskritis,cycling,,6,6,,,,
IT,ITH20,Trento,cycling,,6,6,,,,
LT,LT022,Kauno apskritis,cycling,,6,6,,,,
IT,ITH42,Udine,cycling,,6,6,,,,
IT,ITH51,Piacenza,cycling,,6,6,,,,
IT,ITI1A,Grosseto,cycling,,6,6,,,,
IE,IE041,Border,cycling,,6,6,,,,
IT,ITC34,La Spezia,cycling,,6,6,,,,
IT,ITF61,Cosenza,cycling,,6,6,,,,
HU,HU311,Borsod-Abaúj-Zemplén,cycling,,6,6,,,,
IT,ITF21,Isernia,cycling,,6,6,,,,
PL,PL224,Częstochowski,cycling,,6,6,,,,
PL,PL225,Bielski,cycling,,6,6,,,,
PL,PL22B,Sosnowiecki,cycling,,6,6,,,,
NO,NO094,Telemark,cycling,,6,6,,,,
NO,NO0A3,Møre og Romsdal,cycling,,6,6,,,,
NL,NL421,Noord-Limburg,cycling,,6,6,,,,
MT,MT001,Malta,cycling,,6,6,,,,
NL,NL365,Oost-Zuid-Holland,cycling,,6,6,,,,
NL,NL366,Groot-Rijnmond,cycling,,6,6,,,,
RO,RO125,Mureş,cycling,,6,6,,,,
PT,PT200,Região Autónoma dos Açores,cycling,,6,6,,,,
PT,PT150,Algarve,cycling,,6,6,,,,
PL,PL822,Przemyski,cycling,,6,6,,,,
PL,PL911,Miasto Warszawa,cycling,,6,6,,,,
PL,PL823,Rzeszowski,cycling,,6,6,,,,
PL,PL622,Olsztyński,cycling,,6,6,,,,
PL,PL722,Sandomiersko-jędrzejowski,cycling,,6,6,,,,
SE,SE312,Dalarnas län,cycling,,6,6,,,,
SK,SK022,Trenčiansky kraj,cycling,,6,6,,,,
SE,SE110,Stockholms län,cycling,,6,6,,,,
RS,RS223,Zaječarska oblast,cycling,,6,6,,,,
SI,SI044,Obalno-kraška,cycling,,6,6,,,,
SK,SK010,Bratislavský kraj,cycling,,6,6,,,,
GB,TLD14,Westmorland and Furness,cycling,,7,6,,,,
GB,TLH42,Cambridgeshire CC,cycling,,6,6,,,,
GB,TLJ35,South Hampshire,cycling,,6,6,,,,
GB,TLL42,South West Wales,cycling,,8,6,,,,
GB,TLM12,Falkirk,cycling,,7,6,,,,
AL,AL013,Kukës,cycling,,5,5,,,,
AL,AL034,Korcë,cycling,,5,5,,,,
AL,AL015,Shkodër,cycling,,5,5,,,,
AT,AT125,Weinviertel,cycling,,5,5,,,,
AT,AT126,Wiener Umland/Nordteil,cycling,,5,5,,,,
AL,AL035,Vlorë,cycling,,5,5,,,,
BE,BE234,Arr. Gent,cycling,,5,5,,,,
BE,BE241,Arr. Halle-Vilvoorde,cycling,,5,5,,,,
BE,BE341,Arr. Arlon,cycling,,5,5,,,,
BE,BE353,Arr. Philippeville,cycling,,5,5,,,,
CH,CH022,Fribourg / Freiburg,cycling,,5,5,,,,
CH,CH011,Vaud,cycling,,5,5,,,,
DE,DE115,Ludwigsburg,cycling,,5,5,,,,
DE,DE116,Rems-Murr-Kreis,cycling,,5,5,,,,
DE,DE11B,Main-Tauber-Kreis,cycling,,5,5,,,,
DE,DE138,Konstanz,cycling,,5,5,,,,
DE,DE12C,Freudenstadt,cycling,,5,5,,,,
DE,DE132,Breisgau-Hochschwarzwald,cycling,,5,5,,,,
DE,DE928,Schaumburg,cycling,,5,5,,,,
DE,DEB24,Vulkaneifel,cycling,,5,5,,,,
DE,DEB15,Birkenfeld,cycling,,5,5,,,,
DE,DEE09,Harz,cycling,,5,5,,,,
DE,DEB3J,Mainz-Bingen,cycling,,5,5,,,,
DE,DEA2A,Oberbergischer Kreis,cycling,,5,5,,,,
DE,DE949,Emsland,cycling,,5,5,,,,
DE,DEA35,Coesfeld,cycling,,5,5,,,,
DE,DE94B,Grafschaft Bentheim,cycling,,5,5,,,,
DE,DEA44,Höxter,cycling,,5,5,,,,
DE,DEA46,Minden-Lübbecke,cycling,,5,5,,,,
DE,DEA47,Paderborn,cycling,,5,5,,,,
DE,DEA1B,Kleve,cycling,,5,5,,,,
DE,DEA23,"Köln, Kreisfreie Stadt",cycling,,5,5,,,,
DE,DEA58,Märkischer Kreis,cycling,,5,5,,,,
DE,DEA59,Olpe,cycling,,5,5,,,,
DE,DE733,Hersfeld-Rotenburg,cycling,,5,5,,,,
DE,DE27D,Donau-Ries,cycling,,5,5,,,,
DE,DE300,Berlin,cycling,,5,5,,,,
DE,DE228,"Passau, Landkreis",cycling,,5,5,,,,
DE,DE409,Märkisch-Oderland,cycling,,5,5,,,,
DE,DE146,Biberach,cycling,,5,5,,,,
DE,DE40H,Teltow-Fläming,cycling,,5,5,,,,
DE,DE215,Berchtesgadener Land,cycling,,5,5,,,,
DE,DE40I,Uckermark,cycling,,5,5,,,,
DE,DE245,"Bamberg, Landkreis",cycling,,5,5,,,,
DE,DE21D,Garmisch-Partenkirchen,cycling,,5,5,,,,
DE,DE249,"Hof, Landkreis",cycling,,5,5,,,,
DE,DE24A,Kronach,cycling,,5,5,,,,
DE,DE721,"Gießen, Landkreis",cycling,,5,5,,,,
DE,DE24B,Kulmbach,cycling,,5,5,,,,
DE,DE24D,Wunsiedel i. Fichtelgebirge,cycling,,5,5,,,,
DE,DE722,Lahn-Dill-Kreis,cycling,,5,5,,,,
DE,DE732,Fulda,cycling,,5,5,,,,
DE,DE27B,Ostallgäu,cycling,,5,5,,,,
ES,ES423,Cuenca,cycling,,5,5,,,,
GR,EL642,Evvoia,cycling,,5,5,,,,
ES,ES413,León,cycling,,5,5,,,,
ES,ES424,Guadalajara,cycling,,5,5,,,,
ES,ES213,Bizkaia,cycling,,5,5,,,,
ES,ES111,A Coruña,cycling,,5,5,,,,
ES,ES421,Albacete,cycling,,5,5,,,,
GR,EL531,"Grevena, Kozani",cycling,,5,5,,,,
DE,DEG0K,Saale-Orla-Kreis,cycling,,5,5,,,,
DE,DEG0L,Greiz,cycling,,5,5,,,,
GR,EL421,"Kalymnos, Karpathos, Kasos, Kos, Rodos",cycling,,5,5,,,,
GR,EL412,"Ikaria, Samos",cycling,,5,5,,,,
DE,DEG0U,Saalfeld-Rudolstadt,cycling,,5,5,,,,
DK,DK013,Nordsjælland,cycling,,5,5,,,,
DE,DEF0B,Rendsburg-Eckernförde,cycling,,5,5,,,,
DE,DEF0C,Schleswig-Flensburg,cycling,,5,5,,,,
DK,DK031,Fyn,cycling,,5,5,,,,
DE,DEG06,Eichsfeld,cycling,,5,5,,,,
DE,DEG0C,Gotha,cycling,,5,5,,,,
FR,FRC21,Doubs,cycling,,5,5,,,,
FR,FRC24,Territoire de Belfort,cycling,,5,5,,,,
FR,FRB04,Indre-et-Loire,cycling,,5,5,,,,
FR,FRD22,Seine-Maritime,cycling,,5,5,,,,
FR,FR103,Yvelines ,cycling,,5,5,,,,
FR,FRE12,Pas-de-Calais,cycling,,5,5,,,,
FI,FI1DC,Pohjois-Karjala,cycling,,5,5,,,,
ES,ES533,Menorca,cycling,,5,5,,,,
ES,ES612,Cádiz,cycling,,5,5,,,,
ES,ES617,Málaga,cycling,,5,5,,,,
ES,ES522,Castellón/Castelló,cycling,,5,5,,,,
FR,FRK24,Isère,cycling,,5,5,,,,
HU,HU223,Zala,cycling,,5,5,,,,
HR,HR032,Ličko-senjska županija,cycling,,5,5,,,,
HU,HU231,Baranya,cycling,,5,5,,,,
FR,FRL01,Alpes-de-Haute-Provence,cycling,,5,5,,,,
FR,FRG01,Loire-Atlantique,cycling,,5,5,,,,
FR,FRH04,Morbihan,cycling,,5,5,,,,
FR,FRJ15,Pyrénées-Orientales,cycling,,5,5,,,,
FR,FRI11,Dordogne,cycling,,5,5,,,,
FR,FRI14,Lot-et-Garonne,cycling,,5,5,,,,
FR,FRI15,Pyrénées-Atlantiques,cycling,,5,5,,,,
LV,LV009,Zemgale,cycling,,5,5,,,,
IT,ITG2D,Sassari,cycling,,5,5,,,,
IT,ITG2E,Nuoro,cycling,,5,5,,,,
IT,ITI44,Latina,cycling,,5,5,,,,
LV,LV00B,Kurzeme,cycling,,5,5,,,,
IT,ITH32,Vicenza,cycling,,5,5,,,,
MK,MK001,Vardarski,cycling,,5,5,,,,
IT,ITG11,Trapani,cycling,,5,5,,,,
IT,ITG13,Messina,cycling,,5,5,,,,
IT,ITI14,Firenze,cycling,,5,5,,,,
IT,ITI19,Siena,cycling,,5,5,,,,
IT,ITH53,Reggio nell’Emilia,cycling,,5,5,,,,
IT,ITC31,Imperia,cycling,,5,5,,,,
IT,ITC4B,Mantova,cycling,,5,5,,,,
NO,NO0A1,Rogaland,cycling,,5,5,,,,
NO,NO083,Østfold,cycling,,5,5,,,,
NO,NO085,Buskerud,cycling,,5,5,,,,
NO,NO071,Nordland/Nordlánnda,cycling,,5,5,,,,
NO,NO072,Troms/Romsa/Tromssa,cycling,,5,5,,,,
NL,NL416,Noordoost-Noord-Brabant,cycling,,5,5,,,,
NL,NL212,Zuidwest-Overijssel,cycling,,5,5,,,,
NL,NL321,Kop van Noord-Holland,cycling,,5,5,,,,
NL,NL32A,Agglomeratie Haarlem,cycling,,5,5,,,,
RO,RO311,Argeş,cycling,,5,5,,,,
RS,RS213,Mačvanska oblast,cycling,,5,5,,,,
RS,RS214,Moravička oblast,cycling,,5,5,,,,
RS,RS215,Pomoravska oblast,cycling,,5,5,,,,
RO,RO113,Cluj,cycling,,5,5,,,,
RO,RO114,Maramureş,cycling,,5,5,,,,
RO,RO116,Sălaj,cycling,,5,5,,,,
RO,RO215,Suceava,cycling,,5,5,,,,
RO,RO122,Braşov,cycling,,5,5,,,,
RO,RO124,Harghita,cycling,,5,5,,,,
PT,PT1D2,Médio Tejo,cycling,,5,5,,,,
RS,RS123,Južnobačka oblast,cycling,,5,5,,,,
PL,PL516,Legnicko-głogowski,cycling,,5,5,,,,
PL,PL842,Łomżyński,cycling,,5,5,,,,
PL,PL912,Warszawski wschodni,cycling,,5,5,,,,
PL,PL824,Tarnobrzeski,cycling,,5,5,,,,
PL,PL523,Nyski,cycling,,5,5,,,,
PL,PL617,Inowrocławski,cycling,,5,5,,,,
PT,PT111,Alto Minho,cycling,,5,5,,,,
PL,PL431,Gorzowski,cycling,,5,5,,,,
PL,PL623,Ełcki,cycling,,5,5,,,,
PL,PL432,Zielonogórski,cycling,,5,5,,,,
SE,SE331,Västerbottens län,cycling,,5,5,,,,
SE,SE211,Jönköpings län,cycling,,5,5,,,,
SI,SI033,Koroška,cycling,,5,5,,,,
SE,SE212,Kronobergs län,cycling,,5,5,,,,
SI,SI037,Jugovzhodna Slovenija,cycling,,5,5,,,,
GB,TLD13,Cumberland,cycling,,6,5,,,,
GB,TLD62,Cheshire East,cycling,,5,5,,,,
GB,TLE12,East Riding of Yorkshire,cycling,,5,5,,,,
GB,TLE44,Calderdale and Kirklees,cycling,,5,5,,,,
GB,TLH26,North and East Hertfordshire,cycling,,5,5,,,,
GB,TLH27,South West Hertfordshire,cycling,,6,5,,,,
GB,TLH36,Heart of Essex,cycling,,5,5,,,,
GB,TLH63,East Suffolk,cycling,,5,5,,,,
GB,TLJ14,Oxfordshire CC,cycling,,6,5,,,,
GB,TLK64,Dorset,cycling,,5,5,,,,
GB,TLL31,Isle of Anglesey,cycling,,6,5,,,,
GB,TLL52,Cardiff and Vale of Glamorgan,cycling,,5,5,,,,
GB,TLM11,East Lothian and Midlothian,cycling,,5,5,,,,
GB,TLM50,Aberdeen City and Aberdeenshire,cycling,,7,5,,,,
GB,TLN08,"Newry, Mourne and Down",cycling,,5,5,,,,
AL,AL011,Dibër,cycling,,4,4,,,,
AT,AT121,Mostviertel-Eisenwurzen,cycling,,4,4,,,,
AT,AT226,Westliche Obersteiermark,cycling,,4,4,,,,
AT,AT311,Innviertel,cycling,,4,4,,,,
AT,AT127,Wiener Umland/Südteil,cycling,,4,4,,,,
AT,AT321,Lungau,cycling,,4,4,,,,
AT,AT334,Tiroler Oberland,cycling,,4,4,,,,
AT,AT341,Bludenz-Bregenzer Wald,cycling,,4,4,,,,
AT,AT323,Salzburg und Umgebung,cycling,,4,4,,,,
AT,AT333,Osttirol,cycling,,4,4,,,,
AT,AT312,Linz-Wels,cycling,,4,4,,,,
AT,AT314,Steyr-Kirchdorf,cycling,,4,4,,,,
BE,BE253,Arr. Ieper,cycling,,4,4,,,,
BE,BE254,Arr. Kortrijk,cycling,,4,4,,,,
BE,BE255,Arr. Oostende,cycling,,4,4,,,,
BE,BE323,Arr. Mons,cycling,,4,4,,,,
BE,BE242,Arr. Leuven,cycling,,4,4,,,,
BE,BE251,Arr. Brugge,cycling,,4,4,,,,
BE,BE32C,Arr. Soignies,cycling,,4,4,,,,
BE,BE331,Arr. Huy,cycling,,4,4,,,,
BG,BG344,Stara Zagora,cycling,,4,4,,,,
BG,BG411,Sofia (stolitsa),cycling,,4,4,,,,
CH,CH023,Solothurn,cycling,,4,4,,,,
CH,CH033,Aargau,cycling,,4,4,,,,
CZ,CZ010,Hlavní město Praha,cycling,,4,4,,,,
CH,CH061,Luzern,cycling,,4,4,,,,
CH,CH062,Uri,cycling,,4,4,,,,
CZ,CZ041,Karlovarský kraj,cycling,,4,4,,,,
DE,DE112,Böblingen,cycling,,4,4,,,,
DE,DE113,Esslingen,cycling,,4,4,,,,
DE,DE123,"Karlsruhe, Landkreis",cycling,,4,4,,,,
DE,DE124,Rastatt,cycling,,4,4,,,,
DE,DE127,Neckar-Odenwald-Kreis,cycling,,4,4,,,,
DE,DE128,Rhein-Neckar-Kreis,cycling,,4,4,,,,
DE,DE119,Hohenlohekreis,cycling,,4,4,,,,
DE,DE121,"Baden-Baden, Stadtkreis",cycling,,4,4,,,,
DE,DE141,Reutlingen,cycling,,4,4,,,,
DE,DE142,"Tübingen, Landkreis",cycling,,4,4,,,,
DE,DE143,Zollernalbkreis,cycling,,4,4,,,,
DE,DEA5C,Unna,cycling,,4,4,,,,
DE,DEB23,Eifelkreis Bitburg-Prüm,cycling,,4,4,,,,
DE,DEB13,Altenkirchen (Westerwald),cycling,,4,4,,,,
DE,DEB14,Bad Kreuznach,cycling,,4,4,,,,
DE,DE931,Celle,cycling,,4,4,,,,
DE,DEB17,Mayen-Koblenz,cycling,,4,4,,,,
DE,DE933,Harburg,cycling,,4,4,,,,
DE,DEB18,Neuwied,cycling,,4,4,,,,
DE,DEB1A,Rhein-Lahn-Kreis,cycling,,4,4,,,,
DE,DE934,Lüchow-Dannenberg,cycling,,4,4,,,,
DE,DEB3D,Donnersbergkreis,cycling,,4,4,,,,
DE,DEC02,Merzig-Wadern,cycling,,4,4,,,,
DE,DEC04,Saarlouis,cycling,,4,4,,,,
DE,DE911,"Braunschweig, Kreisfreie Stadt",cycling,,4,4,,,,
DE,DE914,Gifhorn,cycling,,4,4,,,,
DE,DE94D,"Oldenburg, Landkreis",cycling,,4,4,,,,
DE,DED2C,Bautzen,cycling,,4,4,,,,
DE,DEA37,Steinfurt,cycling,,4,4,,,,
DE,DEA38,Warendorf,cycling,,4,4,,,,
DE,DE916,Goslar,cycling,,4,4,,,,
DE,DEA41,"Bielefeld, Kreisfreie Stadt",cycling,,4,4,,,,
DE,DEA43,Herford,cycling,,4,4,,,,
DE,DED43,Mittelsachsen,cycling,,4,4,,,,
DE,DEA56,Ennepe-Ruhr-Kreis,cycling,,4,4,,,,
DE,DE923,Hameln-Pyrmont,cycling,,4,4,,,,
DE,DEA1E,Viersen,cycling,,4,4,,,,
DE,DEA1F,Wesel,cycling,,4,4,,,,
DE,DE925,Hildesheim,cycling,,4,4,,,,
DE,DEA26,Düren,cycling,,4,4,,,,
DE,DEA27,Rhein-Erft-Kreis,cycling,,4,4,,,,
DE,DED52,Leipzig,cycling,,4,4,,,,
DE,DEA5B,Soest,cycling,,4,4,,,,
DE,DE258,"Fürth, Landkreis",cycling,,4,4,,,,
DE,DE227,"Landshut, Landkreis",cycling,,4,4,,,,
DE,DE408,Havelland,cycling,,4,4,,,,
DE,DE40A,Oberhavel,cycling,,4,4,,,,
DE,DE22A,Rottal-Inn,cycling,,4,4,,,,
DE,DE40B,Oberspreewald-Lausitz,cycling,,4,4,,,,
DE,DE40C,Oder-Spree,cycling,,4,4,,,,
DE,DE405,Barnim,cycling,,4,4,,,,
DE,DE40D,Ostprignitz-Ruppin,cycling,,4,4,,,,
DE,DE406,Dahme-Spreewald,cycling,,4,4,,,,
DE,DE80K,Landkreis Rostock,cycling,,4,4,,,,
DE,DE40G,Spree-Neiße,cycling,,4,4,,,,
DE,DE238,"Regensburg, Landkreis",cycling,,4,4,,,,
DE,DE265,Bad Kissingen,cycling,,4,4,,,,
DE,DE266,Rhön-Grabfeld,cycling,,4,4,,,,
DE,DE21A,Erding,cycling,,4,4,,,,
DE,DE268,Kitzingen,cycling,,4,4,,,,
DE,DE718,Hochtaunuskreis,cycling,,4,4,,,,
DE,DE26B,"Schweinfurt, Landkreis",cycling,,4,4,,,,
DE,DE21F,Miesbach,cycling,,4,4,,,,
DE,DE26C,"Würzburg, Landkreis",cycling,,4,4,,,,
DE,DE71E,Wetteraukreis,cycling,,4,4,,,,
DE,DE21M,Traunstein,cycling,,4,4,,,,
DE,DE254,"Nürnberg, Kreisfreie Stadt",cycling,,4,4,,,,
GR,EL643,Evrytania,cycling,,4,4,,,,
ES,ES411,Ávila,cycling,,4,4,,,,
ES,ES130,Cantabria,cycling,,4,4,,,,
GR,EL653,"Lakonia, Messinia",cycling,,4,4,,,,
ES,ES211,Araba/Álava,cycling,,4,4,,,,
ES,ES419,Zamora,cycling,,4,4,,,,
ES,ES242,Teruel,cycling,,4,4,,,,
DE,DEG0G,Weimarer Land,cycling,,4,4,,,,
DE,DEG0Q,Schmalkalden-Meiningen,cycling,,4,4,,,,
DE,DEG0S,"Suhl, Kreisfreie Stadt",cycling,,4,4,,,,
DE,DEF05,Dithmarschen,cycling,,4,4,,,,
DE,DEF06,Herzogtum Lauenburg,cycling,,4,4,,,,
DE,DEF08,Ostholstein,cycling,,4,4,,,,
DE,DEF0D,Segeberg,cycling,,4,4,,,,
FR,FRE22,Oise,cycling,,4,4,,,,
FR,FRC23,Haute-Saône,cycling,,4,4,,,,
FR,FRE23,Somme,cycling,,4,4,,,,
FR,FRF11,Bas-Rhin,cycling,,4,4,,,,
FI,FI1D8,Kainuu,cycling,,4,4,,,,
FI,FI1D9,Pohjois-Pohjanmaa,cycling,,4,4,,,,
FR,FR102,Seine-et-Marne ,cycling,,4,4,,,,
FR,FRE11,Nord,cycling,,4,4,,,,
FR,FR104,Essonne,cycling,,4,4,,,,
ES,ES532,Mallorca,cycling,,4,4,,,,
ES,ES611,Almería,cycling,,4,4,,,,
FI,FI1B1,Helsinki-Uusimaa,cycling,,4,4,,,,
ES,ES614,Granada,cycling,,4,4,,,,
ES,ES616,Jaén,cycling,,4,4,,,,
ES,ES620,Murcia,cycling,,4,4,,,,
FI,FI19B,Pirkanmaa,cycling,,4,4,,,,
ES,ES531,Eivissa y Formentera,cycling,,4,4,,,,
HR,HR033,Zadarska županija,cycling,,4,4,,,,
HU,HU222,Vas,cycling,,4,4,,,,
HR,HR034,Šibensko-kninska županija,cycling,,4,4,,,,
FR,FRK26,Rhône,cycling,,4,4,,,,
HR,HR036,Istarska županija,cycling,,4,4,,,,
HU,HU232,Somogy,cycling,,4,4,,,,
FR,FRK12,Cantal,cycling,,4,4,,,,
FR,FRK22,Ardèche,cycling,,4,4,,,,
FR,FRL06,Vaucluse,cycling,,4,4,,,,
FR,FRM01,Corse-du-Sud,cycling,,4,4,,,,
FR,FRI23,Haute-Vienne,cycling,,4,4,,,,
FR,FRF33,Moselle,cycling,,4,4,,,,
FR,FRJ11,Aude,cycling,,4,4,,,,
FR,FRF21,Ardennes,cycling,,4,4,,,,
FR,FRF22,Aube,cycling,,4,4,,,,
FR,FRJ13,Hérault,cycling,,4,4,,,,
FR,FRJ14,Lozère,cycling,,4,4,,,,
FR,FRI13,Landes,cycling,,4,4,,,,
FR,FRJ22,Aveyron,cycling,,4,4,,,,
FR,FRF32,Meuse ,cycling,,4,4,,,,
IT,ITH55,Bologna,cycling,,4,4,,,,
IT,ITI32,Ancona,cycling,,4,4,,,,
IT,ITI41,Viterbo,cycling,,4,4,,,,
LT,LT011,Vilniaus apskritis,cycling,,4,4,,,,
MK,MK003,Jugozapaden,cycling,,4,4,,,,
IT,ITH31,Verona,cycling,,4,4,,,,
IT,ITH34,Treviso,cycling,,4,4,,,,
LT,LT025,Panevėžio apskritis,cycling,,4,4,,,,
IT,ITH58,Forlì-Cesena,cycling,,4,4,,,,
IT,ITI12,Lucca,cycling,,4,4,,,,
IT,ITG14,Agrigento,cycling,,4,4,,,,
IT,ITH36,Padova,cycling,,4,4,,,,
LT,LT028,Telšių apskritis,cycling,,4,4,,,,
IT,ITI16,Livorno,cycling,,4,4,,,,
IT,ITH41,Pordenone,cycling,,4,4,,,,
IT,ITG17,Catania,cycling,,4,4,,,,
IT,ITF46,Foggia,cycling,,4,4,,,,
IT,ITF47,Bari,cycling,,4,4,,,,
IT,ITC32,Savona,cycling,,4,4,,,,
IT,ITC43,Lecco,cycling,,4,4,,,,
IT,ITC4A,Cremona,cycling,,4,4,,,,
HU,HU312,Heves,cycling,,4,4,,,,
IT,ITC4C,Milano,cycling,,4,4,,,,
HU,HU313,Nógrád,cycling,,4,4,,,,
IE,IE052,South-East ,cycling,,4,4,,,,
IT,ITC14,Verbano-Cusio-Ossola,cycling,,4,4,,,,
IE,IE063,Midland,cycling,,4,4,,,,
IT,ITF34,Avellino,cycling,,4,4,,,,
IT,ITF35,Salerno,cycling,,4,4,,,,
IT,ITC18,Alessandria,cycling,,4,4,,,,
PL,PL227,Rybnicki,cycling,,4,4,,,,
NO,NO092,Agder,cycling,,4,4,,,,
NO,NO093,Vestfold,cycling,,4,4,,,,
PL,PL411,Pilski,cycling,,4,4,,,,
PL,PL214,Krakowski,cycling,,4,4,,,,
PL,PL217,Tarnowski,cycling,,4,4,,,,
MT,MT002,Gozo and Comino/Għawdex u Kemmuna,cycling,,4,4,,,,
NL,NL132,Zuidoost-Drenthe,cycling,,4,4,,,,
NL,NL224,Zuidwest-Gelderland,cycling,,4,4,,,,
NL,NL225,Achterhoek,cycling,,4,4,,,,
NL,NL226,Arnhem/Nijmegen,cycling,,4,4,,,,
NL,NL323,IJmond,cycling,,4,4,,,,
NL,NL325,Zaanstreek,cycling,,4,4,,,,
NL,NL341,Zeeuwsch-Vlaanderen,cycling,,4,4,,,,
RS,RS127,Sremska oblast,cycling,,4,4,,,,
PT,PT300,Região Autónoma da Madeira,cycling,,4,4,,,,
RO,RO111,Bihor,cycling,,4,4,,,,
RS,RS218,Šumadijska oblast,cycling,,4,4,,,,
RO,RO316,Prahova,cycling,,4,4,,,,
RS,RS217,Raška oblast,cycling,,4,4,,,,
PT,PT196,Beiras e Serra da Estrela,cycling,,4,4,,,,
RO,RO415,Vâlcea,cycling,,4,4,,,,
PT,PT1A0,Grande Lisboa,cycling,,4,4,,,,
PT,PT1C2,Baixo Alentejo,cycling,,4,4,,,,
RO,RO123,Covasna,cycling,,4,4,,,,
RO,RO423,Hunedoara,cycling,,4,4,,,,
PT,PT1C3,Alto Alentejo,cycling,,4,4,,,,
PT,PT1D1,Oeste,cycling,,4,4,,,,
RS,RS122,Južnobanatska oblast,cycling,,4,4,,,,
RO,RO226,Vrancea,cycling,,4,4,,,,
PT,PT11E,Terras de Trás-os-Montes,cycling,,4,4,,,,
PT,PT192,Região de Coimbra,cycling,,4,4,,,,
PL,PL841,Białostocki,cycling,,4,4,,,,
PL,PL524,Opolski,cycling,,4,4,,,,
PL,PL417,Leszczyński,cycling,,4,4,,,,
PL,PL613,Bydgosko-toruński,cycling,,4,4,,,,
PL,PL712,Łódzki,cycling,,4,4,,,,
PL,PL616,Grudziądzki,cycling,,4,4,,,,
PL,PL713,Piotrkowski,cycling,,4,4,,,,
PL,PL924,Ostrołęcki,cycling,,4,4,,,,
PL,PL714,Sieradzki,cycling,,4,4,,,,
PL,PL618,Świecki,cycling,,4,4,,,,
PL,PL619,Włocławski,cycling,,4,4,,,,
PL,PL925,Siedlecki,cycling,,4,4,,,,
PL,PL926,Żyrardowski,cycling,,4,4,,,,
PT,PT112,Cávado,cycling,,4,4,,,,
PL,PL811,Bialski,cycling,,4,4,,,,
PT,PT11A,Área Metropolitana do Porto,cycling,,4,4,,,,
PL,PL637,Chojnicki,cycling,,4,4,,,,
SK,SK042,Košický kraj,cycling,,4,4,,,,
SK,SK023,Nitriansky kraj,cycling,,4,4,,,,
SE,SE121,Uppsala län,cycling,,4,4,,,,
RS,RS224,Jablanička oblast,cycling,,4,4,,,,
RS,RS225,Nišavska oblast,cycling,,4,4,,,,
RS,RS226,Pirotska oblast,cycling,,4,4,,,,
SE,SE124,Örebro län,cycling,,4,4,,,,
SE,SE231,Hallands län,cycling,,4,4,,,,
RS,RS229,Toplička oblast,cycling,,4,4,,,,
SE,SE125,Västmanlands län,cycling,,4,4,,,,
SI,SI038,Primorsko-notranjska,cycling,,4,4,,,,
SE,SE321,Västernorrlands län,cycling,,4,4,,,,
SE,SE311,Värmlands län,cycling,,4,4,,,,
XK,XK003,Pejë,cycling,,4,4,,,,
GB,TLD44,Lancaster and Wyre,cycling,,4,4,,,,
GB,TLF13,South and West Derbyshire,cycling,,6,4,,,,
GB,TLF30,Lincolnshire CC,cycling,,9,4,,,,
GB,TLG11,"Herefordshire, County of",cycling,,4,4,,,,
GB,TLG32,Solihull,cycling,,4,4,,,,
GB,TLH32,Thurrock,cycling,,4,4,,,,
GB,TLH35,West Essex,cycling,,5,4,,,,
GB,TLH37,Essex Thames Gateway,cycling,,4,4,,,,
GB,TLH51,Norwich and East Norfolk,cycling,,7,4,,,,
GB,TLH61,Babergh and Mid Suffolk,cycling,,5,4,,,,
GB,TLI35,Westminster and City of London,cycling,,4,4,,,,
GB,TLI61,Bromley,cycling,,4,4,,,,
GB,TLJ22,East Sussex CC,cycling,,5,4,,,,
GB,TLJ27,West Sussex (South West),cycling,,6,4,,,,
GB,TLL32,Gwynedd,cycling,,6,4,,,,
GB,TLM03,Angus and Dundee City,cycling,,4,4,,,,
GB,TLM13,City of Edinburgh,cycling,,4,4,,,,
AD,AD-AD-03,Encamp,cycling,,4,4,,,,
AD,AD-AD-08,Escaldes-Engordany,cycling,,4,4,,,,
AL,AL033,Gjirokastër,cycling,,3,3,,,,
AL,AL014,Lezhë,cycling,,3,3,,,,
AL,AL021,Elbasan,cycling,,3,3,,,,
AL,AL022,Tiranë,cycling,,3,3,,,,
AT,AT123,Sankt Pölten,cycling,,3,3,,,,
AT,AT111,Mittelburgenland,cycling,,3,3,,,,
AT,AT130,Wien,cycling,,3,3,,,,
AT,AT221,Graz,cycling,,3,3,,,,
AT,AT342,Rheintal-Bodenseegebiet,cycling,,3,3,,,,
BE,BE100,Arr. de Bruxelles-Capitale/Arr. Brussel-Hoofdstad,cycling,,3,3,,,,
BE,BE212,Arr. Mechelen,cycling,,3,3,,,,
AT,AT331,Außerfern,cycling,,3,3,,,,
BE,BE256,Arr. Roeselare,cycling,,3,3,,,,
BE,BE257,Arr. Tielt,cycling,,3,3,,,,
BE,BE258,Arr. Veurne,cycling,,3,3,,,,
BE,BE32A,Arr. Ath,cycling,,3,3,,,,
BE,BE224,Arr. Hasselt,cycling,,3,3,,,,
BE,BE231,Arr. Aalst,cycling,,3,3,,,,
BE,BE232,Arr. Dendermonde,cycling,,3,3,,,,
BE,BE233,Arr. Eeklo,cycling,,3,3,,,,
BE,BE235,Arr. Oudenaarde,cycling,,3,3,,,,
BE,BE252,Arr. Diksmuide,cycling,,3,3,,,,
BG,BG311,Vidin,cycling,,3,3,,,,
BE,BE334,Arr. Waremme,cycling,,3,3,,,,
BG,BG321,Veliko Tarnovo,cycling,,3,3,,,,
BG,BG322,Gabrovo,cycling,,3,3,,,,
BG,BG341,Burgas,cycling,,3,3,,,,
BG,BG423,Pazardzhik,cycling,,3,3,,,,
BG,BG415,Kyustendil,cycling,,3,3,,,,
CH,CH013,Genève,cycling,,3,3,,,,
CH,CH024,Neuchâtel,cycling,,3,3,,,,
CH,CH025,Jura,cycling,,3,3,,,,
CH,CH032,Basel-Landschaft,cycling,,3,3,,,,
CH,CH051,Glarus,cycling,,3,3,,,,
CH,CH053,Appenzell Ausserrhoden,cycling,,3,3,,,,
CH,CH063,Schwyz,cycling,,3,3,,,,
CH,CH065,Nidwalden,cycling,,3,3,,,,
CH,CH066,Zug,cycling,,3,3,,,,
DE,DE125,"Heidelberg, Stadtkreis",cycling,,3,3,,,,
DE,DE126,"Mannheim, Stadtkreis",cycling,,3,3,,,,
DE,DE11C,Heidenheim,cycling,,3,3,,,,
DE,DE11D,Ostalbkreis,cycling,,3,3,,,,
DE,DE122,"Karlsruhe, Stadtkreis",cycling,,3,3,,,,
DE,DE133,Emmendingen,cycling,,3,3,,,,
DE,DE136,Schwarzwald-Baar-Kreis,cycling,,3,3,,,,
DE,DE137,Tuttlingen,cycling,,3,3,,,,
DE,DE12A,Calw,cycling,,3,3,,,,
DE,DE12B,Enzkreis,cycling,,3,3,,,,
DE,DE131,"Freiburg im Breisgau, Stadtkreis",cycling,,3,3,,,,
DE,DEA29,Heinsberg,cycling,,3,3,,,,
DE,DEE02,"Halle (Saale), Kreisfreie Stadt",cycling,,3,3,,,,
DE,DEB12,Ahrweiler,cycling,,3,3,,,,
DE,DE927,Nienburg (Weser),cycling,,3,3,,,,
DE,DEE05,Anhalt-Bitterfeld,cycling,,3,3,,,,
DE,DE929,Region Hannover,cycling,,3,3,,,,
DE,DEB32,"Kaiserslautern, Kreisfreie Stadt",cycling,,3,3,,,,
DE,DE932,Cuxhaven,cycling,,3,3,,,,
DE,DEB36,"Neustadt an der Weinstraße, Kreisfreie Stadt",cycling,,3,3,,,,
DE,DEB3B,Alzey-Worms,cycling,,3,3,,,,
DE,DEE08,Burgenlandkreis,cycling,,3,3,,,,
DE,DE935,"Lüneburg, Landkreis",cycling,,3,3,,,,
DE,DEE0E,Wittenberg,cycling,,3,3,,,,
DE,DEB1B,Westerwaldkreis,cycling,,3,3,,,,
DE,DEB1C,Cochem-Zell,cycling,,3,3,,,,
DE,DEB3F,"Kaiserslautern, Landkreis",cycling,,3,3,,,,
DE,DEB3G,Kusel,cycling,,3,3,,,,
DE,DEE0A,Mansfeld-Südharz,cycling,,3,3,,,,
DE,DEB21,"Trier, Kreisfreie Stadt",cycling,,3,3,,,,
DE,DE939,Stade,cycling,,3,3,,,,
DE,DEE0B,Saalekreis,cycling,,3,3,,,,
DE,DE80L,Vorpommern-Rügen,cycling,,3,3,,,,
DE,DE80M,Nordwestmecklenburg,cycling,,3,3,,,,
DE,DE93A,Uelzen,cycling,,3,3,,,,
DE,DE93B,Verden,cycling,,3,3,,,,
DE,DE947,Aurich,cycling,,3,3,,,,
DE,DEC01,Regionalverband Saarbrücken,cycling,,3,3,,,,
DE,DEC03,Neunkirchen,cycling,,3,3,,,,
DE,DE80N,Vorpommern-Greifswald,cycling,,3,3,,,,
DE,DE80O,Ludwigslust-Parchim,cycling,,3,3,,,,
DE,DEC05,Saarpfalz-Kreis,cycling,,3,3,,,,
DE,DEC06,St. Wendel,cycling,,3,3,,,,
DE,DED21,"Dresden, Kreisfreie Stadt",cycling,,3,3,,,,
DE,DEA33,"Münster, Kreisfreie Stadt",cycling,,3,3,,,,
DE,DEA34,Borken,cycling,,3,3,,,,
DE,DE94C,Leer,cycling,,3,3,,,,
DE,DEA36,Recklinghausen,cycling,,3,3,,,,
DE,DED2E,Meißen,cycling,,3,3,,,,
DE,DED41,"Chemnitz, Kreisfreie Stadt",cycling,,3,3,,,,
DE,DEA42,Gütersloh,cycling,,3,3,,,,
DE,DE918,Northeim,cycling,,3,3,,,,
DE,DEA11,"Düsseldorf, Kreisfreie Stadt",cycling,,3,3,,,,
DE,DEA13,"Essen, Kreisfreie Stadt",cycling,,3,3,,,,
DE,DE91C,Göttingen,cycling,,3,3,,,,
DE,DEA18,"Remscheid, Kreisfreie Stadt",cycling,,3,3,,,,
DE,DEA53,"Hagen, Kreisfreie Stadt",cycling,,3,3,,,,
DE,DE922,Diepholz,cycling,,3,3,,,,
DE,DEA1D,Rhein-Kreis Neuss,cycling,,3,3,,,,
DE,DEA22,"Bonn, Kreisfreie Stadt",cycling,,3,3,,,,
DE,DED45,Zwickau,cycling,,3,3,,,,
DE,DE926,Holzminden,cycling,,3,3,,,,
DE,DEA24,"Leverkusen, Kreisfreie Stadt",cycling,,3,3,,,,
DE,DE27C,Unterallgäu,cycling,,3,3,,,,
DE,DE226,Kelheim,cycling,,3,3,,,,
DE,DE407,Elbe-Elster,cycling,,3,3,,,,
DE,DE401,"Brandenburg an der Havel, Kreisfreie Stadt",cycling,,3,3,,,,
DE,DE402,"Cottbus, Kreisfreie Stadt",cycling,,3,3,,,,
DE,DE403,"Frankfurt (Oder), Kreisfreie Stadt",cycling,,3,3,,,,
DE,DE22B,Straubing-Bogen,cycling,,3,3,,,,
DE,DE22C,Dingolfing-Landau,cycling,,3,3,,,,
DE,DE232,"Regensburg, Kreisfreie Stadt",cycling,,3,3,,,,
DE,DE25A,Neustadt a. d. Aisch-Bad Windsheim,cycling,,3,3,,,,
DE,DE149,Sigmaringen,cycling,,3,3,,,,
DE,DE261,"Aschaffenburg, Kreisfreie Stadt",cycling,,3,3,,,,
DE,DE216,Bad Tölz-Wolfratshausen,cycling,,3,3,,,,
DE,DE600,Hamburg,cycling,,3,3,,,,
DE,DE712,"Frankfurt am Main, Kreisfreie Stadt",cycling,,3,3,,,,
DE,DE21B,Freising,cycling,,3,3,,,,
DE,DE243,"Coburg, Kreisfreie Stadt",cycling,,3,3,,,,
DE,DE71A,Main-Taunus-Kreis,cycling,,3,3,,,,
DE,DE21H,"München, Landkreis",cycling,,3,3,,,,
DE,DE247,"Coburg, Landkreis",cycling,,3,3,,,,
DE,DE71C,"Offenbach, Landkreis",cycling,,3,3,,,,
DE,DE21J,Pfaffenhofen a. d. Ilm,cycling,,3,3,,,,
DE,DE275,Aichach-Friedberg,cycling,,3,3,,,,
DE,DE276,"Augsburg, Landkreis",cycling,,3,3,,,,
DE,DE21L,Starnberg,cycling,,3,3,,,,
DE,DE723,Limburg-Weilburg,cycling,,3,3,,,,
DE,DE277,Dillingen a.d. Donau,cycling,,3,3,,,,
DE,DE278,Günzburg,cycling,,3,3,,,,
DE,DE279,Neu-Ulm,cycling,,3,3,,,,
DE,DE21N,Weilheim-Schongau,cycling,,3,3,,,,
DE,DE253,"Fürth, Kreisfreie Stadt",cycling,,3,3,,,,
DE,DE731,"Kassel, Kreisfreie Stadt",cycling,,3,3,,,,
DE,DE27A,Lindau (Bodensee),cycling,,3,3,,,,
ES,ES414,Palencia,cycling,,3,3,,,,
ES,ES415,Salamanca,cycling,,3,3,,,,
ES,ES416,Segovia,cycling,,3,3,,,,
ES,ES425,Toledo,cycling,,3,3,,,,
ES,ES417,Soria,cycling,,3,3,,,,
ES,ES418,Valladolid,cycling,,3,3,,,,
GR,EL623,"Ithaki, Kefallinia",cycling,,3,3,,,,
ES,ES230,La Rioja,cycling,,3,3,,,,
GR,EL633,Ileia,cycling,,3,3,,,,
GR,EL527,Chalkidiki,cycling,,3,3,,,,
DE,DEG0J,Saale-Holzland-Kreis,cycling,,3,3,,,,
GR,EL532,Kastoria,cycling,,3,3,,,,
GR,EL533,Florina,cycling,,3,3,,,,
GR,EL541,"Arta, Preveza",cycling,,3,3,,,,
GR,EL542,Thesprotia,cycling,,3,3,,,,
DE,DEF02,"Kiel, Kreisfreie Stadt",cycling,,3,3,,,,
DE,DEG0V,Sonneberg,cycling,,3,3,,,,
DK,DK011,Byen København,cycling,,3,3,,,,
DK,DK012,Københavns omegn,cycling,,3,3,,,,
DK,DK014,Bornholm,cycling,,3,3,,,,
DK,DK021,Østsjælland,cycling,,3,3,,,,
DE,DEF09,Pinneberg,cycling,,3,3,,,,
GR,EL511,Evros,cycling,,3,3,,,,
DE,DEF0A,Plön,cycling,,3,3,,,,
GR,EL512,Xanthi,cycling,,3,3,,,,
GR,EL515,"Thasos, Kavala",cycling,,3,3,,,,
DE,DEF0F,Stormarn,cycling,,3,3,,,,
DE,DEG01,"Erfurt, Kreisfreie Stadt",cycling,,3,3,,,,
DE,DEG07,Nordhausen,cycling,,3,3,,,,
DE,DEG09,Unstrut-Hainich-Kreis,cycling,,3,3,,,,
EE,EE00A,Kirde-Eesti,cycling,,3,3,,,,
GR,EL301,Voreios Tomeas Athinon,cycling,,3,3,,,,
GR,EL303,Kentrikos Tomeas Athinon,cycling,,3,3,,,,
DE,DEG0A,Kyffhäuserkreis,cycling,,3,3,,,,
DK,DK041,Vestjylland,cycling,,3,3,,,,
GR,EL525,Pieria,cycling,,3,3,,,,
GR,EL526,Serres,cycling,,3,3,,,,
GR,EL305,Anatoliki Attiki,cycling,,3,3,,,,
GR,EL306,Dytiki Attiki,cycling,,3,3,,,,
DE,DEG0E,Hildburghausen,cycling,,3,3,,,,
FR,FRB01,Cher,cycling,,3,3,,,,
FR,FRC13,Saône-et-Loire,cycling,,3,3,,,,
FR,FRC14,Yonne,cycling,,3,3,,,,
FR,FRD12,Manche ,cycling,,3,3,,,,
FR,FRB02,Eure-et-Loir,cycling,,3,3,,,,
FR,FRD13,Orne,cycling,,3,3,,,,
FR,FRB03,Indre,cycling,,3,3,,,,
FI,FI200,Åland,cycling,,3,3,,,,
FR,FR101,Paris,cycling,,3,3,,,,
FR,FRD21,Eure,cycling,,3,3,,,,
FR,FRB05,Loir-et-Cher,cycling,,3,3,,,,
FR,FRB06,Loiret,cycling,,3,3,,,,
FI,FI1DB,Pohjois-Savo,cycling,,3,3,,,,
FR,FR106,Seine-Saint-Denis ,cycling,,3,3,,,,
FR,FR108,Val-d’Oise,cycling,,3,3,,,,
FR,FRC11,Côte-d’Or,cycling,,3,3,,,,
FI,FI1C7,Kymenlaakso,cycling,,3,3,,,,
FI,FI1C1,Varsinais-Suomi,cycling,,3,3,,,,
FI,FI1C2,Kanta-Häme,cycling,,3,3,,,,
ES,ES613,Córdoba,cycling,,3,3,,,,
ES,ES618,Sevilla,cycling,,3,3,,,,
FI,FI19A,Pohjanmaa,cycling,,3,3,,,,
FI,FI1C5,Etelä-Karjala,cycling,,3,3,,,,
FI,FI198,Keski-Suomi,cycling,,3,3,,,,
FI,FI1C6,Päijät-Häme,cycling,,3,3,,,,
HR,HR028,Sisačko-moslavačka županija,cycling,,3,3,,,,
FR,FRK25,Loire,cycling,,3,3,,,,
FR,FRK13,Haute-Loire,cycling,,3,3,,,,
HR,HR037,Dubrovačko-neretvanska županija,cycling,,3,3,,,,
HR,HR050,Grad Zagreb,cycling,,3,3,,,,
HR,HR021,Bjelovarsko-bilogorska županija,cycling,,3,3,,,,
HR,HR065,Zagrebačka županija,cycling,,3,3,,,,
HR,HR022,Virovitičko-podravska županija,cycling,,3,3,,,,
HR,HR023,Požeško-slavonska županija,cycling,,3,3,,,,
FR,FRL05,Var,cycling,,3,3,,,,
HU,HU110,Budapest,cycling,,3,3,,,,
HR,HR024,Brodsko-posavska županija,cycling,,3,3,,,,
HR,HR025,Osječko-baranjska županija,cycling,,3,3,,,,
HU,HU211,Fejér,cycling,,3,3,,,,
HR,HR026,Vukovarsko-srijemska županija,cycling,,3,3,,,,
HR,HR027,Karlovačka županija,cycling,,3,3,,,,
FR,FRI33,Deux-Sèvres,cycling,,3,3,,,,
FR,FRJ27,Tarn,cycling,,3,3,,,,
FR,FRI31,Charente,cycling,,3,3,,,,
FR,FRF34,Vosges,cycling,,3,3,,,,
FR,FRJ28,Tarn-et-Garonne,cycling,,3,3,,,,
FR,FRI34,Vienne,cycling,,3,3,,,,
FR,FRK11,Allier,cycling,,3,3,,,,
FR,FRI32,Charente-Maritime,cycling,,3,3,,,,
FR,FRG02,Maine-et-Loire,cycling,,3,3,,,,
FR,FRG03,Mayenne,cycling,,3,3,,,,
FR,FRG04,Sarthe,cycling,,3,3,,,,
FR,FRG05,Vendée,cycling,,3,3,,,,
FR,FRF24,Haute-Marne,cycling,,3,3,,,,
FR,FRI12,Gironde,cycling,,3,3,,,,
FR,FRH01,Côtes-d’Armor,cycling,,3,3,,,,
FR,FRJ23,Haute-Garonne,cycling,,3,3,,,,
FR,FRI21,Corrèze,cycling,,3,3,,,,
FR,FRJ24,Gers,cycling,,3,3,,,,
FR,FRI22,Creuse,cycling,,3,3,,,,
IT,ITH54,Modena,cycling,,3,3,,,,
IT,ITI45,Frosinone,cycling,,3,3,,,,
IT,ITI31,Pesaro e Urbino,cycling,,3,3,,,,
IT,ITG2F,Cagliari,cycling,,3,3,,,,
IT,ITI33,Macerata,cycling,,3,3,,,,
IT,ITI34,Ascoli Piceno,cycling,,3,3,,,,
LT,LT023,Klaipėdos apskritis,cycling,,3,3,,,,
MK,MK002,Istočen,cycling,,3,3,,,,
IT,ITF65,Reggio Calabria,cycling,,3,3,,,,
IT,ITH57,Ravenna,cycling,,3,3,,,,
IT,ITH59,Rimini,cycling,,3,3,,,,
IT,ITI11,Massa-Carrara,cycling,,3,3,,,,
LT,LT027,Tauragės apskritis,cycling,,3,3,,,,
LT,LT029,Utenos apskritis,cycling,,3,3,,,,
IT,ITI18,Arezzo,cycling,,3,3,,,,
IT,ITG19,Siracusa,cycling,,3,3,,,,
IT,ITH44,Trieste,cycling,,3,3,,,,
IT,ITH52,Parma,cycling,,3,3,,,,
IT,ITF45,Lecce,cycling,,3,3,,,,
IT,ITF51,Potenza,cycling,,3,3,,,,
IT,ITC41,Varese,cycling,,3,3,,,,
IT,ITF52,Matera,cycling,,3,3,,,,
IT,ITF63,Catanzaro,cycling,,3,3,,,,
IT,ITF12,Teramo,cycling,,3,3,,,,
HU,HU321,Hajdú-Bihar,cycling,,3,3,,,,
IT,ITF13,Pescara,cycling,,3,3,,,,
IT,ITF14,Chieti,cycling,,3,3,,,,
HU,HU322,Jász-Nagykun-Szolnok,cycling,,3,3,,,,
IT,ITF22,Campobasso,cycling,,3,3,,,,
HU,HU323,Szabolcs-Szatmár-Bereg,cycling,,3,3,,,,
IE,IE061,Dublin,cycling,,3,3,,,,
IT,ITF31,Caserta,cycling,,3,3,,,,
IT,ITC12,Vercelli,cycling,,3,3,,,,
HU,HU331,Bács-Kiskun,cycling,,3,3,,,,
IT,ITF33,Napoli,cycling,,3,3,,,,
HU,HU332,Békés,cycling,,3,3,,,,
HU,HU333,Csongrád-Csanád,cycling,,3,3,,,,
IS,IS001,Höfuðborgarsvæði,cycling,,3,3,,,,
IT,ITC17,Asti,cycling,,3,3,,,,
IT,ITF43,Taranto,cycling,,3,3,,,,
IT,ITF44,Brindisi,cycling,,3,3,,,,
PL,PL228,Bytomski,cycling,,3,3,,,,
PL,PL22A,Katowicki,cycling,,3,3,,,,
PL,PL415,Miasto Poznań,cycling,,3,3,,,,
PL,PL416,Kaliski,cycling,,3,3,,,,
NO,NO081,Oslo,cycling,,3,3,,,,
NO,NO084,Akershus,cycling,,3,3,,,,
PL,PL21A,Oświęcimski,cycling,,3,3,,,,
NL,NL415,Midden-Noord-Brabant,cycling,,3,3,,,,
NL,NL422,Midden-Limburg,cycling,,3,3,,,,
MK,MK005,Pelagoniski,cycling,,3,3,,,,
MK,MK006,Pološki,cycling,,3,3,,,,
NL,NL114,Oost-Groningen,cycling,,3,3,,,,
NL,NL115,Overig Groningen,cycling,,3,3,,,,
NL,NL128,Zuidwest-Friesland,cycling,,3,3,,,,
NL,NL131,Noord-Drenthe,cycling,,3,3,,,,
NL,NL133,Zuidwest-Drenthe,cycling,,3,3,,,,
NL,NL230,Flevoland,cycling,,3,3,,,,
NL,NL328,Alkmaar en omgeving,cycling,,3,3,,,,
NL,NL350,Utrecht,cycling,,3,3,,,,
NL,NL363,Agglomeratie Leiden en Bollenstreek,cycling,,3,3,,,,
NL,NL411,West-Noord-Brabant,cycling,,3,3,,,,
RS,RS212,Kolubarska oblast,cycling,,3,3,,,,
RO,RO412,Gorj,cycling,,3,3,,,,
RS,RS221,Borska oblast,cycling,,3,3,,,,
RO,RO413,Mehedinţi,cycling,,3,3,,,,
RS,RS216,Rasinska oblast,cycling,,3,3,,,,
RO,RO115,Satu Mare,cycling,,3,3,,,,
RO,RO214,Neamţ,cycling,,3,3,,,,
PT,PT1B0,Península de Setúbal,cycling,,3,3,,,,
RO,RO121,Alba,cycling,,3,3,,,,
RO,RO421,Arad,cycling,,3,3,,,,
RO,RO424,Timiş,cycling,,3,3,,,,
RO,RO222,Buzău,cycling,,3,3,,,,
PT,PT1C4,Alentejo Central,cycling,,3,3,,,,
RS,RS110,City of Belgrade,cycling,,3,3,,,,
RO,RO126,Sibiu,cycling,,3,3,,,,
RS,RS125,Severnobačka oblast,cycling,,3,3,,,,
RO,RO225,Tulcea,cycling,,3,3,,,,
RS,RS126,Srednjobanatska oblast,cycling,,3,3,,,,
PL,PL638,Starogardzki,cycling,,3,3,,,,
PL,PL815,Puławski,cycling,,3,3,,,,
PT,PT191,Região de Aveiro,cycling,,3,3,,,,
PL,PL913,Warszawski zachodni,cycling,,3,3,,,,
PT,PT195,Beira Baixa,cycling,,3,3,,,,
PT,PT193,Região de Leiria,cycling,,3,3,,,,
PT,PT194,Viseu Dão Lafões,cycling,,3,3,,,,
PL,PL922,Ciechanowski,cycling,,3,3,,,,
PL,PL418,Poznański,cycling,,3,3,,,,
PL,PL923,Płocki,cycling,,3,3,,,,
PL,PL424,Miasto Szczecin,cycling,,3,3,,,,
PL,PL426,Koszaliński,cycling,,3,3,,,,
PL,PL715,Skierniewicki,cycling,,3,3,,,,
PT,PT119,Ave,cycling,,3,3,,,,
PL,PL633,Trójmiejski,cycling,,3,3,,,,
PL,PL634,Gdański,cycling,,3,3,,,,
PT,PT11B,Alto Tâmega e Barroso,cycling,,3,3,,,,
PT,PT11C,Tâmega e Sousa,cycling,,3,3,,,,
SE,SE122,Södermanlands län,cycling,,3,3,,,,
RS,RS222,Braničevska oblast,cycling,,3,3,,,,
RS,RS227,Podunavska oblast,cycling,,3,3,,,,
RS,RS228,Pčinjska oblast,cycling,,3,3,,,,
SI,SI031,Pomurska,cycling,,3,3,,,,
SI,SI036,Posavska,cycling,,3,3,,,,
SE,SE214,Gotlands län,cycling,,3,3,,,,
XK,XK001,Prishtinë,cycling,,3,3,,,,
XK,XK002,Mitrovicë,cycling,,3,3,,,,
XK,XK004,Prizren,cycling,,3,3,,,,
XK,XK005,Ferizaj,cycling,,3,3,,,,
XK,XK007,Gjakovë,cycling,,3,3,,,,
GB,TLC32,South Teesside,cycling,,3,3,,,,
GB,TLD33,Manchester,cycling,,3,3,,,,
GB,TLD47,Chorley and West Lancashire,cycling,,3,3,,,,
GB,TLD71,East Merseyside,cycling,,3,3,,,,
GB,TLD74,Wirral,cycling,,3,3,,,,
GB,TLE32,Sheffield,cycling,,3,3,,,,
GB,TLE33,Barnsley,cycling,,3,3,,,,
GB,TLE42,Leeds,cycling,,3,3,,,,
GB,TLF12,East Derbyshire,cycling,,3,3,,,,
GB,TLF15,North Nottinghamshire,cycling,,3,3,,,,
GB,TLG33,Coventry,cycling,,3,3,,,,
GB,TLH25,Central Bedfordshire,cycling,,4,3,,,,
GB,TLH34,Essex Haven Gateway,cycling,,3,3,,,,
GB,TLI42,Tower Hamlets,cycling,,3,3,,,,
GB,TLI74,Harrow and Hillingdon,cycling,,3,3,,,,
GB,TLJ25,West Surrey,cycling,,4,3,,,,
GB,TLJ28,West Sussex (North East),cycling,,3,3,,,,
GB,TLJ36,Central Hampshire,cycling,,5,3,,,,
GB,TLK51,"Bristol, City of",cycling,,3,3,,,,
GB,TLK52,Bath & North East Somerset and South Gloucestershire,cycling,,4,3,,,,
GB,TLK63,"Bournemouth, Christchurch and Poole",cycling,,3,3,,,,
GB,TLL34,Flintshire and Wrexham,cycling,,3,3,,,,
GB,TLL41,Mid Wales,cycling,,3,3,,,,
GB,TLL51,Central Valleys and Bridgend,cycling,,3,3,,,,
GB,TLL54,Monmouthshire and Newport,cycling,,3,3,,,,
GB,TLM31,East Dunbartonshire and West Dunbartonshire,cycling,,4,3,,,,
GB,TLM33,"Inverclyde, East Renfrewshire, and Renfrewshire",cycling,,3,3,,,,
GB,TLM92,Dumfries and Galloway,cycling,,3,3,,,,
GB,TLM93,North Ayrshire and East Ayrshire,cycling,,3,3,,,,
GB,TLN07,"Armagh City, Banbridge and Craigavon",cycling,,3,3,,,,
GB,TLN09,Ards and North Down,cycling,,3,3,,,,
GB,TLN0A,Derry City and Strabane,cycling,,3,3,,,,
GB,TLN0B,Mid Ulster,cycling,,3,3,,,,
GB,TLN0C,Causeway Coast and Glens,cycling,,3,3,,,,
GB,TLN0F,Mid and East Antrim,cycling,,3,3,,,,
GB,TLN0G,Fermanagh and Omagh,cycling,,3,3,,,,
AD,AD-AD-02,Canillo,cycling,,3,3,,,,
AL,AL012,Durrës,cycling,,2,2,,,,
AL,AL031,Berat,cycling,,2,2,,,,
AL,AL032,Fier,cycling,,2,2,,,,
BE,BE32B,Arr. Charleroi,cycling,,2,2,,,,
BE,BE328,Arr. Tournai-Mouscron,cycling,,2,2,,,,
BE,BE329,Arr. La Louvière,cycling,,2,2,,,,
BE,BE236,Arr. Sint-Niklaas,cycling,,2,2,,,,
BG,BG312,Montana,cycling,,2,2,,,,
BG,BG313,Vratsa,cycling,,2,2,,,,
BG,BG314,Pleven,cycling,,2,2,,,,
BG,BG325,Silistra,cycling,,2,2,,,,
BG,BG331,Varna,cycling,,2,2,,,,
BG,BG332,Dobrich,cycling,,2,2,,,,
BG,BG323,Ruse,cycling,,2,2,,,,
BG,BG324,Razgrad,cycling,,2,2,,,,
BG,BG342,Sliven,cycling,,2,2,,,,
BG,BG343,Yambol,cycling,,2,2,,,,
BG,BG333,Shumen,cycling,,2,2,,,,
BG,BG334,Targovishte,cycling,,2,2,,,,
BG,BG425,Kardzhali,cycling,,2,2,,,,
BG,BG414,Pernik,cycling,,2,2,,,,
BG,BG422,Haskovo,cycling,,2,2,,,,
CH,CH031,Basel-Stadt,cycling,,2,2,,,,
CH,CH057,Thurgau,cycling,,2,2,,,,
CH,CH052,Schaffhausen,cycling,,2,2,,,,
CH,CH054,Appenzell Innerrhoden,cycling,,2,2,,,,
DE,DE129,"Pforzheim, Stadtkreis",cycling,,2,2,,,,
DE,DE117,"Heilbronn, Stadtkreis",cycling,,2,2,,,,
DE,DE144,"Ulm, Stadtkreis",cycling,,2,2,,,,
DE,DEE01,"Dessau-Roßlau, Kreisfreie Stadt",cycling,,2,2,,,,
DE,DEE03,"Magdeburg, Kreisfreie Stadt",cycling,,2,2,,,,
DE,DEE04,Altmarkkreis Salzwedel,cycling,,2,2,,,,
DE,DEB31,"Frankenthal (Pfalz), Kreisfreie Stadt",cycling,,2,2,,,,
DE,DEB33,"Landau in der Pfalz, Kreisfreie Stadt",cycling,,2,2,,,,
DE,DEB34,"Ludwigshafen am Rhein, Kreisfreie Stadt",cycling,,2,2,,,,
DE,DEE06,Jerichower Land,cycling,,2,2,,,,
DE,DEE07,Börde,cycling,,2,2,,,,
DE,DEB35,"Mainz, Kreisfreie Stadt",cycling,,2,2,,,,
DE,DEB37,"Pirmasens, Kreisfreie Stadt",cycling,,2,2,,,,
DE,DEB38,"Speyer, Kreisfreie Stadt",cycling,,2,2,,,,
DE,DEB39,"Worms, Kreisfreie Stadt",cycling,,2,2,,,,
DE,DEB3A,"Zweibrücken, Kreisfreie Stadt",cycling,,2,2,,,,
DE,DEB3E,Germersheim,cycling,,2,2,,,,
DE,DEE0D,Stendal,cycling,,2,2,,,,
DE,DEF01,"Flensburg, Kreisfreie Stadt",cycling,,2,2,,,,
DE,DE936,Osterholz,cycling,,2,2,,,,
DE,DEB3I,Rhein-Pfalz-Kreis,cycling,,2,2,,,,
DE,DEE0C,Salzlandkreis,cycling,,2,2,,,,
DE,DE941,"Delmenhorst, Kreisfreie Stadt",cycling,,2,2,,,,
DE,DE942,"Emden, Kreisfreie Stadt",cycling,,2,2,,,,
DE,DE943,"Oldenburg (Oldenburg), Kreisfreie Stadt",cycling,,2,2,,,,
DE,DE944,"Osnabrück, Kreisfreie Stadt",cycling,,2,2,,,,
DE,DE945,"Wilhelmshaven, Kreisfreie Stadt",cycling,,2,2,,,,
DE,DE946,Ammerland,cycling,,2,2,,,,
DE,DEA31,"Bottrop, Kreisfreie Stadt",cycling,,2,2,,,,
DE,DEA32,"Gelsenkirchen, Kreisfreie Stadt",cycling,,2,2,,,,
DE,DE948,Cloppenburg,cycling,,2,2,,,,
DE,DE94A,Friesland (DE),cycling,,2,2,,,,
DE,DE912,"Salzgitter, Kreisfreie Stadt",cycling,,2,2,,,,
DE,DE913,"Wolfsburg, Kreisfreie Stadt",cycling,,2,2,,,,
DE,DE917,Helmstedt,cycling,,2,2,,,,
DE,DE94F,Vechta,cycling,,2,2,,,,
DE,DE94G,Wesermarsch,cycling,,2,2,,,,
DE,DE91A,Peine,cycling,,2,2,,,,
DE,DE91B,Wolfenbüttel,cycling,,2,2,,,,
DE,DE94H,Wittmund,cycling,,2,2,,,,
DE,DEA12,"Duisburg, Kreisfreie Stadt",cycling,,2,2,,,,
DE,DEA14,"Krefeld, Kreisfreie Stadt",cycling,,2,2,,,,
DE,DEA15,"Mönchengladbach, Kreisfreie Stadt",cycling,,2,2,,,,
DE,DEA16,"Mülheim an der Ruhr, Kreisfreie Stadt",cycling,,2,2,,,,
DE,DEA17,"Oberhausen, Kreisfreie Stadt",cycling,,2,2,,,,
DE,DEA19,"Solingen, Kreisfreie Stadt",cycling,,2,2,,,,
DE,DEA1A,"Wuppertal, Kreisfreie Stadt",cycling,,2,2,,,,
DE,DEA51,"Bochum, Kreisfreie Stadt",cycling,,2,2,,,,
DE,DEA52,"Dortmund, Kreisfreie Stadt",cycling,,2,2,,,,
DE,DEA54,"Hamm, Kreisfreie Stadt",cycling,,2,2,,,,
DE,DEA55,"Herne, Kreisfreie Stadt",cycling,,2,2,,,,
DE,DED51,"Leipzig, Kreisfreie Stadt",cycling,,2,2,,,,
DE,DE803,"Rostock, Kreisfreie Stadt",cycling,,2,2,,,,
DE,DE804,"Schwerin, Kreisfreie Stadt",cycling,,2,2,,,,
DE,DE404,"Potsdam, Kreisfreie Stadt",cycling,,2,2,,,,
DE,DE231,"Amberg, Kreisfreie Stadt",cycling,,2,2,,,,
DE,DE233,"Weiden i. d. Opf, Kreisfreie Stadt",cycling,,2,2,,,,
DE,DE40F,Prignitz,cycling,,2,2,,,,
DE,DE262,"Schweinfurt, Kreisfreie Stadt",cycling,,2,2,,,,
DE,DE211,"Ingolstadt, Kreisfreie Stadt",cycling,,2,2,,,,
DE,DE212,"München, Kreisfreie Stadt",cycling,,2,2,,,,
DE,DE213,"Rosenheim, Kreisfreie Stadt",cycling,,2,2,,,,
DE,DE214,Altötting,cycling,,2,2,,,,
DE,DE501,"Bremen, Kreisfreie Stadt",cycling,,2,2,,,,
DE,DE502,"Bremerhaven, Kreisfreie Stadt",cycling,,2,2,,,,
DE,DE263,"Würzburg, Kreisfreie Stadt",cycling,,2,2,,,,
DE,DE217,Dachau,cycling,,2,2,,,,
DE,DE218,Ebersberg,cycling,,2,2,,,,
DE,DE241,"Bamberg, Kreisfreie Stadt",cycling,,2,2,,,,
DE,DE711,"Darmstadt, Kreisfreie Stadt",cycling,,2,2,,,,
DE,DE713,"Offenbach am Main, Kreisfreie Stadt",cycling,,2,2,,,,
DE,DE714,"Wiesbaden, Kreisfreie Stadt",cycling,,2,2,,,,
DE,DE242,"Bayreuth, Kreisfreie Stadt",cycling,,2,2,,,,
DE,DE244,"Hof, Kreisfreie Stadt",cycling,,2,2,,,,
DE,DE717,Groß-Gerau,cycling,,2,2,,,,
DE,DE21C,Fürstenfeldbruck,cycling,,2,2,,,,
DE,DE21E,Landsberg am Lech,cycling,,2,2,,,,
DE,DE21G,Mühldorf a. Inn,cycling,,2,2,,,,
DE,DE271,"Augsburg, Kreisfreie Stadt",cycling,,2,2,,,,
DE,DE272,"Kaufbeuren, Kreisfreie Stadt",cycling,,2,2,,,,
DE,DE273,"Kempten (Allgäu), Kreisfreie Stadt",cycling,,2,2,,,,
DE,DE274,"Memmingen, Kreisfreie Stadt",cycling,,2,2,,,,
DE,DE21I,Neuburg-Schrobenhausen,cycling,,2,2,,,,
DE,DE251,"Ansbach, Kreisfreie Stadt",cycling,,2,2,,,,
DE,DE221,"Landshut, Kreisfreie Stadt",cycling,,2,2,,,,
DE,DE252,"Erlangen, Kreisfreie Stadt",cycling,,2,2,,,,
DE,DE255,"Schwabach, Kreisfreie Stadt",cycling,,2,2,,,,
DE,DE222,"Passau, Kreisfreie Stadt",cycling,,2,2,,,,
DE,DE223,"Straubing, Kreisfreie Stadt",cycling,,2,2,,,,
GR,EL644,Fthiotida,cycling,,2,2,,,,
GR,EL645,Fokida,cycling,,2,2,,,,
GR,EL652,Korinthia,cycling,,2,2,,,,
GR,EL612,Larisa,cycling,,2,2,,,,
GR,EL613,"Magnisia, Sporades",cycling,,2,2,,,,
GR,EL621,Zakynthos,cycling,,2,2,,,,
GR,EL624,Lefkada,cycling,,2,2,,,,
GR,EL631,Aitoloakarnania,cycling,,2,2,,,,
GR,EL632,Achaia,cycling,,2,2,,,,
GR,EL641,Voiotia,cycling,,2,2,,,,
GR,EL411,"Lesvos, Limnos",cycling,,2,2,,,,
DE,DEG0M,Altenburger Land,cycling,,2,2,,,,
GR,EL413,Chios,cycling,,2,2,,,,
DE,DEF03,"Lübeck, Kreisfreie Stadt",cycling,,2,2,,,,
DE,DEF04,"Neumünster, Kreisfreie Stadt",cycling,,2,2,,,,
GR,EL431,Irakleio,cycling,,2,2,,,,
GR,EL432,Lasithi,cycling,,2,2,,,,
DE,DEF07,Nordfriesland,cycling,,2,2,,,,
GR,EL433,Rethymni,cycling,,2,2,,,,
GR,EL513,Rodopi,cycling,,2,2,,,,
GR,EL514,Drama,cycling,,2,2,,,,
DE,DEF0E,Steinburg,cycling,,2,2,,,,
GR,EL521,Imathia,cycling,,2,2,,,,
DE,DEG02,"Gera, Kreisfreie Stadt",cycling,,2,2,,,,
DE,DEG03,"Jena, Kreisfreie Stadt",cycling,,2,2,,,,
DE,DEG05,"Weimar, Kreisfreie Stadt",cycling,,2,2,,,,
GR,EL522,Thessaloniki,cycling,,2,2,,,,
GR,EL523,Kilkis,cycling,,2,2,,,,
GR,EL524,Pella,cycling,,2,2,,,,
GR,EL302,Dytikos Tomeas Athinon,cycling,,2,2,,,,
GR,EL304,Notios Tomeas Athinon,cycling,,2,2,,,,
DE,DEG0D,Sömmerda,cycling,,2,2,,,,
FI,FI1DA,Etelä-Savo,cycling,,2,2,,,,
FR,FR105,Hauts-de-Seine ,cycling,,2,2,,,,
FR,FR107,Val-de-Marne,cycling,,2,2,,,,
FI,FI1D5,Keski-Pohjanmaa,cycling,,2,2,,,,
ES,ES630,Ceuta,cycling,,2,2,,,,
ES,ES640,Melilla,cycling,,2,2,,,,
ES,ES703,El Hierro,cycling,,2,2,,,,
ES,ES704,Fuerteventura,cycling,,2,2,,,,
ES,ES705,Gran Canaria,cycling,,2,2,,,,
ES,ES706,La Gomera,cycling,,2,2,,,,
ES,ES707,La Palma,cycling,,2,2,,,,
ES,ES708,Lanzarote,cycling,,2,2,,,,
ES,ES709,Tenerife,cycling,,2,2,,,,
FI,FI196,Satakunta,cycling,,2,2,,,,
FI,FI199,Etelä-Pohjanmaa,cycling,,2,2,,,,
FR,FRY10,Guadeloupe,cycling,,2,2,,,,
FR,FRY20,Martinique ,cycling,,2,2,,,,
HR,HR061,Međimurska županija,cycling,,2,2,,,,
HR,HR062,Varaždinska županija,cycling,,2,2,,,,
HR,HR063,Koprivničko-križevačka županija,cycling,,2,2,,,,
FR,FRY30,Guyane,cycling,,2,2,,,,
FR,FRY40,La Réunion,cycling,,2,2,,,,
HR,HR064,Krapinsko-zagorska županija,cycling,,2,2,,,,
FR,FRY50,Mayotte ,cycling,,2,2,,,,
IT,ITG2G,Oristano,cycling,,2,2,,,,
IT,ITI35,Fermo,cycling,,2,2,,,,
MK,MK004,Jugoistočen,cycling,,2,2,,,,
LT,LT024,Marijampolės apskritis,cycling,,2,2,,,,
IT,ITH56,Ferrara,cycling,,2,2,,,,
IT,ITH35,Venezia,cycling,,2,2,,,,
IT,ITI15,Prato,cycling,,2,2,,,,
IT,ITG15,Caltanissetta,cycling,,2,2,,,,
IT,ITH37,Rovigo,cycling,,2,2,,,,
IT,ITG16,Enna,cycling,,2,2,,,,
IT,ITG18,Ragusa,cycling,,2,2,,,,
IT,ITH43,Gorizia,cycling,,2,2,,,,
IT,ITF48,Barletta-Andria-Trani,cycling,,2,2,,,,
IT,ITC49,Lodi,cycling,,2,2,,,,
IT,ITF64,Vibo Valentia,cycling,,2,2,,,,
IT,ITF62,Crotone,cycling,,2,2,,,,
IT,ITC4D,Monza e della Brianza,cycling,,2,2,,,,
IT,ITF32,Benevento,cycling,,2,2,,,,
IT,ITC15,Novara,cycling,,2,2,,,,
NO,NO0B1,Jan Mayen,cycling,,2,2,,,,
PL,PL229,Gliwicki,cycling,,2,2,,,,
PL,PL22C,Tyski,cycling,,2,2,,,,
PL,PL414,Koniński,cycling,,2,2,,,,
NO,NO0B2,Svalbard,cycling,,2,2,,,,
PL,PL213,Miasto Kraków,cycling,,2,2,,,,
MK,MK007,Severoistočen,cycling,,2,2,,,,
MK,MK008,Skopski,cycling,,2,2,,,,
NL,NL112,Delfzijl en omgeving,cycling,,2,2,,,,
NL,NL126,Zuidoost-Friesland,cycling,,2,2,,,,
NL,NL361,Agglomeratie ’s-Gravenhage,cycling,,2,2,,,,
NL,NL362,Delft en Westland,cycling,,2,2,,,,
NL,NL364,Zuidoost-Zuid-Holland,cycling,,2,2,,,,
RO,RO317,Teleorman,cycling,,2,2,,,,
RO,RO312,Călăraşi,cycling,,2,2,,,,
RO,RO321,Bucureşti,cycling,,2,2,,,,
RO,RO322,Ilfov,cycling,,2,2,,,,
RO,RO313,Dâmboviţa,cycling,,2,2,,,,
RO,RO411,Dolj,cycling,,2,2,,,,
RO,RO314,Giurgiu,cycling,,2,2,,,,
RO,RO315,Ialomiţa,cycling,,2,2,,,,
RO,RO414,Olt,cycling,,2,2,,,,
RO,RO213,Iaşi,cycling,,2,2,,,,
RO,RO216,Vaslui,cycling,,2,2,,,,
RO,RO221,Brăila,cycling,,2,2,,,,
RS,RS121,Zapadnobačka oblast ,cycling,,2,2,,,,
RO,RO223,Constanţa,cycling,,2,2,,,,
RO,RO224,Galaţi,cycling,,2,2,,,,
PT,PT1D3,Lezíria do Tejo,cycling,,2,2,,,,
RO,RO211,Bacău,cycling,,2,2,,,,
RS,RS124,Severnobanatska oblast,cycling,,2,2,,,,
RO,RO212,Botoşani,cycling,,2,2,,,,
PL,PL711,Miasto Łódź,cycling,,2,2,,,,
PL,PL814,Lubelski,cycling,,2,2,,,,
PL,PL514,Miasto Wrocław,cycling,,2,2,,,,
PL,PL636,Słupski,cycling,,2,2,,,,
TR,TR522,Karaman,cycling,,2,2,,,,
TR,TRC22,Diyarbakır,cycling,,2,2,,,,
TR,TR721,Kayseri,cycling,,2,2,,,,
TR,TR222,Çanakkale,cycling,,2,2,,,,
TR,TR832,Tokat,cycling,,2,2,,,,
TR,TRC31,Mardin,cycling,,2,2,,,,
TR,TRC32,Batman,cycling,,2,2,,,,
TR,TR722,Sivas,cycling,,2,2,,,,
TR,TR833,Çorum,cycling,,2,2,,,,
TR,TR834,Amasya,cycling,,2,2,,,,
TR,TRC33,Şırnak,cycling,,2,2,,,,
TR,TRC34,Siirt,cycling,,2,2,,,,
TR,TR723,Yozgat,cycling,,2,2,,,,
TR,TR811,Zonguldak,cycling,,2,2,,,,
TR,TR310,İzmir,cycling,,2,2,,,,
TR,TR901,Trabzon,cycling,,2,2,,,,
TR,TR902,Ordu,cycling,,2,2,,,,
TR,TR812,Karabük,cycling,,2,2,,,,
TR,TR813,Bartın,cycling,,2,2,,,,
TR,TR321,Aydın,cycling,,2,2,,,,
TR,TR903,Giresun,cycling,,2,2,,,,
TR,TR904,Rize,cycling,,2,2,,,,
TR,TR821,Kastamonu,cycling,,2,2,,,,
TR,TR822,Çankırı,cycling,,2,2,,,,
TR,TR322,Denizli,cycling,,2,2,,,,
TR,TR905,Artvin,cycling,,2,2,,,,
TR,TR906,Gümüşhane,cycling,,2,2,,,,
TR,TR823,Sinop,cycling,,2,2,,,,
TR,TR831,Samsun,cycling,,2,2,,,,
TR,TRA11,Erzurum,cycling,,2,2,,,,
TR,TRA12,Erzincan,cycling,,2,2,,,,
TR,TRA13,Bayburt,cycling,,2,2,,,,
TR,TR323,Muğla,cycling,,2,2,,,,
TR,TR331,Manisa,cycling,,2,2,,,,
TR,TRA21,Ağrı,cycling,,2,2,,,,
TR,TRA22,Kars,cycling,,2,2,,,,
TR,TR611,Antalya,cycling,,2,2,,,,
TR,TR612,Isparta,cycling,,2,2,,,,
TR,TR100,İstanbul,cycling,,2,2,,,,
TR,TR332,Afyonkarahisar,cycling,,2,2,,,,
TR,TR333,Kütahya,cycling,,2,2,,,,
TR,TRA23,Iğdır,cycling,,2,2,,,,
TR,TRA24,Ardahan,cycling,,2,2,,,,
TR,TR613,Burdur,cycling,,2,2,,,,
TR,TR211,Tekirdağ,cycling,,2,2,,,,
TR,TR334,Uşak,cycling,,2,2,,,,
TR,TR411,Bursa,cycling,,2,2,,,,
TR,TRB11,Malatya,cycling,,2,2,,,,
TR,TRB12,Elazığ,cycling,,2,2,,,,
TR,TR621,Adana,cycling,,2,2,,,,
TR,TR212,Edirne,cycling,,2,2,,,,
TR,TR412,Eskişehir,cycling,,2,2,,,,
TR,TR413,Bilecik,cycling,,2,2,,,,
TR,TRB13,Bingöl,cycling,,2,2,,,,
TR,TRB14,Tunceli,cycling,,2,2,,,,
TR,TR622,Mersin,cycling,,2,2,,,,
TR,TR213,Kırklareli,cycling,,2,2,,,,
TR,TR421,Kocaeli,cycling,,2,2,,,,
TR,TR422,Sakarya,cycling,,2,2,,,,
TR,TRB21,Van,cycling,,2,2,,,,
TR,TRB22,Muş,cycling,,2,2,,,,
TR,TR631,Hatay,cycling,,2,2,,,,
TR,TR632,Kahramanmaraş,cycling,,2,2,,,,
TR,TR423,Düzce,cycling,,2,2,,,,
TR,TR424,Bolu,cycling,,2,2,,,,
TR,TR425,Yalova,cycling,,2,2,,,,
TR,TRB23,Bitlis,cycling,,2,2,,,,
TR,TRB24,Hakkari,cycling,,2,2,,,,
TR,TR633,Osmaniye,cycling,,2,2,,,,
TR,TR711,Kırıkkale,cycling,,2,2,,,,
TR,TR712,Aksaray,cycling,,2,2,,,,
TR,TR221,Balıkesir,cycling,,2,2,,,,
TR,TRC11,Gaziantep,cycling,,2,2,,,,
TR,TRC12,Adıyaman,cycling,,2,2,,,,
TR,TRC13,Kilis,cycling,,2,2,,,,
TR,TR713,Niğde,cycling,,2,2,,,,
TR,TR714,Nevşehir,cycling,,2,2,,,,
TR,TR510,Ankara,cycling,,2,2,,,,
TR,TR521,Konya,cycling,,2,2,,,,
TR,TRC21,Şanlıurfa,cycling,,2,2,,,,
TR,TR715,Kırşehir,cycling,,2,2,,,,
SI,SI035,Zasavska,cycling,,2,2,,,,
XK,XK006,Gjilan,cycling,,2,2,,,,
GB,TLC33,Darlington,cycling,,2,2,,,,
GB,TLC43,Tyneside,cycling,,3,2,,,,
GB,TLC44,Sunderland,cycling,,2,2,,,,
GB,TLD34,Greater Manchester South West,cycling,,2,2,,,,
GB,TLD36,Greater Manchester North West,cycling,,2,2,,,,
GB,TLD37,Greater Manchester North East,cycling,,2,2,,,,
GB,TLD41,Blackburn with Darwen,cycling,,2,2,,,,
GB,TLD42,Blackpool,cycling,,2,2,,,,
GB,TLD45,Mid Lancashire,cycling,,2,2,,,,
GB,TLD46,East Lancashire,cycling,,2,2,,,,
GB,TLD61,Warrington,cycling,,2,2,,,,
GB,TLD63,Cheshire West and Chester,cycling,,5,2,,,,
GB,TLD73,Sefton,cycling,,2,2,,,,
GB,TLE11,"Kingston upon Hull, City of",cycling,,2,2,,,,
GB,TLE21,York,cycling,,3,2,,,,
GB,TLE34,Rotherham,cycling,,2,2,,,,
GB,TLE35,Doncaster,cycling,,2,2,,,,
GB,TLE45,Wakefield,cycling,,2,2,,,,
GB,TLF11,Derby,cycling,,2,2,,,,
GB,TLF16,South Nottinghamshire,cycling,,3,2,,,,
GB,TLF21,Leicester,cycling,,2,2,,,,
GB,TLG12,Worcestershire CC,cycling,,4,2,,,,
GB,TLG21,Telford and Wrekin,cycling,,2,2,,,,
GB,TLG23,Stoke-on-Trent,cycling,,2,2,,,,
GB,TLG24,Staffordshire CC,cycling,,4,2,,,,
GB,TLG31,Birmingham,cycling,,3,2,,,,
GB,TLG36,Dudley,cycling,,3,2,,,,
GB,TLG39,Wolverhampton,cycling,,2,2,,,,
GB,TLH21,Luton,cycling,,2,2,,,,
GB,TLH24,Bedford,cycling,,2,2,,,,
GB,TLH31,Southend-on-Sea,cycling,,2,2,,,,
GB,TLH41,Peterborough,cycling,,2,2,,,,
GB,TLH62,Ipswich,cycling,,2,2,,,,
GB,TLH64,West Suffolk,cycling,,3,2,,,,
GB,TLI33,Kensington & Chelsea and Hammersmith & Fulham,cycling,,2,2,,,,
GB,TLI34,Wandsworth,cycling,,2,2,,,,
GB,TLI36,Camden,cycling,,2,2,,,,
GB,TLI43,Haringey and Islington,cycling,,2,2,,,,
GB,TLI44,Lewisham and Southwark,cycling,,2,2,,,,
GB,TLI45,Lambeth,cycling,,2,2,,,,
GB,TLI54,Enfield,cycling,,2,2,,,,
GB,TLI63,"Merton, Kingston upon Thames and Sutton",cycling,,2,2,,,,
GB,TLI71,Barnet,cycling,,2,2,,,,
GB,TLI72,Brent,cycling,,2,2,,,,
GB,TLI73,Ealing,cycling,,2,2,,,,
GB,TLJ12,Milton Keynes,cycling,,4,2,,,,
GB,TLJ16,Berkshire West,cycling,,2,2,,,,
GB,TLJ21,Brighton and Hove,cycling,,2,2,,,,
GB,TLJ31,Portsmouth,cycling,,2,2,,,,
GB,TLJ32,Southampton,cycling,,2,2,,,,
GB,TLJ37,North Hampshire,cycling,,2,2,,,,
GB,TLJ41,Medway,cycling,,2,2,,,,
GB,TLJ43,Kent Thames Gateway,cycling,,3,2,,,,
GB,TLJ45,Mid Kent,cycling,,2,2,,,,
GB,TLK41,Plymouth,cycling,,2,2,,,,
GB,TLK42,Torbay,cycling,,2,2,,,,
GB,TLK61,North Somerset,cycling,,4,2,,,,
GB,TLL33,Conwy and Denbighshire,cycling,,4,2,,,,
GB,TLL43,Swansea,cycling,,2,2,,,,
GB,TLM14,West Lothian,cycling,,2,2,,,,
GB,TLM32,Glasgow City,cycling,,2,2,,,,
GB,TLM34,North Lanarkshire,cycling,,2,2,,,,
GB,TLM91,Scottish Borders,cycling,,6,2,,,,
GB,TLM94,South Ayrshire,cycling,,2,2,,,,
GB,TLN06,Belfast,cycling,,2,2,,,,
GB,TLN0D,Antrim and Newtownabbey,cycling,,2,2,,,,
GB,TLN0E,Lisburn and Castlereagh,cycling,,2,2,,,,
UA,UA-74538382B84610439401970,Bakhchysarai,cycling,,2,2,,,,
UA,UA-74538382B84040377374615,Simferopol,cycling,,2,2,,,,
UA,UA-74538382B31597126471541,Bilohirsk,cycling,,2,2,,,,
UA,UA-74538382B85800934600856,Kirovske,cycling,,2,2,,,,
UA,UA-74538382B91806639169097,Lenine,cycling,,2,2,,,,
UA,UA-74538382B17328028725822,Chornomorske,cycling,,2,2,,,,
UA,UA-74538382B10810755627981,Sovietsky,cycling,,2,2,,,,
UA,UA-74538382B80563569865238,Nyzhniohirskyi,cycling,,2,2,,,,
UA,UA-74538382B73102854459711,Krasnohvardiiske,cycling,,2,2,,,,
UA,UA-74538382B24072865224387,Rozdolne,cycling,,2,2,,,,
UA,UA-74538382B78065593112494,Dzhankoy,cycling,,2,2,,,,
UA,UA-74538382B62014959099240,Pervomaiske,cycling,,2,2,,,,
UA,UA-74538382B12626856106214,Krasnoperekopsk,cycling,,2,2,,,,
UA,UA-74538382B36897928857836,Kalanchak,cycling,,2,2,,,,
UA,UA-74538382B43795583594371,Skadovsk,cycling,,2,2,,,,
UA,UA-74538382B87705908812983,Holo Prystan,cycling,,2,2,,,,
UA,UA-74538382B21297633796285,Oleshky,cycling,,2,2,,,,
UA,UA-74538382B62779126534418,Chaplynka,cycling,,2,2,,,,
UA,UA-74538382B61089393980714,Kakhovka,cycling,,2,2,,,,
UA,UA-74538382B42205538030067,Novotroitske,cycling,,2,2,,,,
UA,UA-74538382B33781793273381,Henichesk,cycling,,2,2,,,,
UA,UA-74538382B92774727366654,Ivanivka,cycling,,2,2,,,,
UA,UA-74538382B57790499946350,Yakymivka,cycling,,2,2,,,,
UA,UA-74538382B32095344223749,Nyzhni Sirohozy,cycling,,2,2,,,,
UA,UA-74538382B72369548204787,Bilozerka,cycling,,2,2,,,,
UA,UA-74538382B60808123109786,Beryslav,cycling,,2,2,,,,
UA,UA-74538382B65177906747126,Hornostaivka,cycling,,2,2,,,,
UA,UA-74538382B73890092439247,Pryazovske,cycling,,2,2,,,,
UA,UA-74538382B19608093506995,Velyka Oleksandrivka,cycling,,2,2,,,,
UA,UA-74538382B83290488809947,Velyka Lepetkya,cycling,,2,2,,,,
UA,UA-74538382B88832969225176,Verkhniy Rohackyk,cycling,,2,2,,,,
UA,UA-74538382B85739457006484,Novovorontsovka,cycling,,2,2,,,,
UA,UA-74538382B44474254323889,Vysokopillia,cycling,,2,2,,,,
UA,UA-74538382B23953232699474,Snihurivka,cycling,,2,2,,,,
UA,UA-74538382B2161330582129,Vitovka,cycling,,2,2,,,,
UA,UA-74538382B30589256184120,Bereznehuvate,cycling,,2,2,,,,
UA,UA-74538382B72550121130033,Ochakiv,cycling,,2,2,,,,
UA,UA-74538382B8424812087391,Mykolaiv,cycling,,2,2,,,,
UA,UA-74538382B84492064754997,Nova Odesa,cycling,,2,2,,,,
UA,UA-74538382B39145583667330,Bashtanka,cycling,,2,2,,,,
UA,UA-74538382B1113173119948,Berezanka,cycling,,2,2,,,,
UA,UA-74538382B16168555985033,Veselynove,cycling,,2,2,,,,
UA,UA-74538382B29888444022224,Kazanka,cycling,,2,2,,,,
UA,UA-74538382B79754688878625,Novyi Buh,cycling,,2,2,,,,
UA,UA-74538382B14537158586651,Yelanets,cycling,,2,2,,,,
UA,UA-74538382B59692398614753,Voznesensk,cycling,,2,2,,,,
UA,UA-74538382B69774355156403,Bratske,cycling,,2,2,,,,
UA,UA-74538382B18710182758525,Arbuzynka,cycling,,2,2,,,,
UA,UA-74538382B97324557643268,Domanivka,cycling,,2,2,,,,
UA,UA-74538382B15723930579981,Pervomaisk,cycling,,2,2,,,,
UA,UA-74538382B94391556881320,Kryve Ozero,cycling,,2,2,,,,
UA,UA-74538382B28831490249541,Vradiivka,cycling,,2,2,,,,
UA,UA-74538382B34306237745090,Savran,cycling,,2,2,,,,
UA,UA-74538382B90572707310825,Balta,cycling,,2,2,,,,
UA,UA-74538382B72647920433352,Kodyma,cycling,,2,2,,,,
UA,UA-74538382B99156650022607,Liubashhivka,cycling,,2,2,,,,
UA,UA-74538382B73630411968214,Podilsk,cycling,,2,2,,,,
UA,UA-74538382B50409761093729,Ananiv,cycling,,2,2,,,,
UA,UA-74538382B46561623007945,Okny,cycling,,2,2,,,,
UA,UA-74538382B64363500151928,Zakharivka,cycling,,2,2,,,,
UA,UA-74538382B42144983760497,Mykolaivka,cycling,,2,2,,,,
UA,UA-74538382B78856367012354,Shyriaieve,cycling,,2,2,,,,
UA,UA-74538382B4607226007855,Berezivka,cycling,,2,2,,,,
UA,UA-74538382B86026417899488,Velyks Mykhailivka,cycling,,2,2,,,,
UA,UA-74538382B97286599584108,Ivanivka,cycling,,2,2,,,,
UA,UA-74538382B85654458417277,Lyman,cycling,,2,2,,,,
UA,UA-74538382B21863106612225,Rozdilna,cycling,,2,2,,,,
UA,UA-74538382B26202854770966,Biliaivka,cycling,,2,2,,,,
UA,UA-74538382B54958880930265,Ovidiopol,cycling,,2,2,,,,
UA,UA-74538382B97641778556925,Bilhorod Dnistrovskyi,cycling,,2,2,,,,
UA,UA-74538382B34887074672752,Sarata,cycling,,2,2,,,,
UA,UA-74538382B4443211725898,Tarutyne,cycling,,2,2,,,,
UA,UA-74538382B21342332427534,Artsyi,cycling,,2,2,,,,
UA,UA-74538382B88986400051477,Tatarbunary,cycling,,2,2,,,,
UA,UA-74538382B92147387256537,Bolhrad,cycling,,2,2,,,,
UA,UA-74538382B97836372307066,Kiliia,cycling,,2,2,,,,
UA,UA-74538382B95291552499633,Izmali,cycling,,2,2,,,,
UA,UA-74538382B44725547103458,Reni,cycling,,2,2,,,,
UA,UA-74538382B3314448443504,Kamianka Dniprovska,cycling,,2,2,,,,
UA,UA-74538382B79382588901711,Velyka Bilozerka,cycling,,2,2,,,,
UA,UA-74538382B83069910659837,Vesele,cycling,,2,2,,,,
UA,UA-74538382B95492559683598,Melitopol,cycling,,2,2,,,,
UA,UA-74538382B57736951089932,Vasylivka,cycling,,2,2,,,,
UA,UA-74538382B10558448482031,Mykhailivka,cycling,,2,2,,,,
UA,UA-74538382B86672078093677,Zaporizhia,cycling,,2,2,,,,
UA,UA-74538382B76878796003824,Tokmak,cycling,,2,2,,,,
UA,UA-74538382B30714686760712,Prymorsk,cycling,,2,2,,,,
UA,UA-74538382B52479778935773,Chernihivka,cycling,,2,2,,,,
UA,UA-74538382B42406222783177,Berdiansk,cycling,,2,2,,,,
UA,UA-74538382B9912324904593,Bilmak,cycling,,2,2,,,,
UA,UA-74538382B47912633354712,Rozivka,cycling,,2,2,,,,
UA,UA-74538382B66940770579939,Polohy,cycling,,2,2,,,,
UA,UA-74538382B20048272724198,Orikhiv,cycling,,2,2,,,,
UA,UA-74538382B69145371014174,Huliaipole,cycling,,2,2,,,,
UA,UA-74538382B30291492588031,Vilniansk,cycling,,2,2,,,,
UA,UA-74538382B7651650713813,Novomykolaivka,cycling,,2,2,,,,
UA,UA-74538382B13057195168049,Manhush,cycling,,2,2,,,,
UA,UA-74538382B38253727574875,Novoazovsk,cycling,,2,2,,,,
UA,UA-74538382B42239251891056,Nikolske,cycling,,2,2,,,,
UA,UA-74538382B811800225931,Boikivske,cycling,,2,2,,,,
UA,UA-74538382B13823475744665,Volnovakha,cycling,,2,2,,,,
UA,UA-74538382B53420808029005,Velyka Novosilka,cycling,,2,2,,,,
UA,UA-74538382B55698458190122,Starobesheve,cycling,,2,2,,,,
UA,UA-74538382B30318275969007,Marinka,cycling,,2,2,,,,
UA,UA-74538382B60964237816069,Amvrosiivka,cycling,,2,2,,,,
UA,UA-74538382B91909296876216,Shakhtarsk,cycling,,2,2,,,,
UA,UA-74538382B54113761495064,Yasynuvata,cycling,,2,2,,,,
UA,UA-74538382B91884310989160,Pokrovsk,cycling,,2,2,,,,
UA,UA-74538382B17839198127311,Dobropillia,cycling,,2,2,,,,
UA,UA-74538382B19842336540914,Kostiantynivka,cycling,,2,2,,,,
UA,UA-74538382B24070697851653,Bakhmut,cycling,,2,2,,,,
UA,UA-74538382B99908513430661,Oleksandrivka,cycling,,2,2,,,,
UA,UA-74538382B60058274039512,Sloviansk,cycling,,2,2,,,,
UA,UA-74538382B94134496915826,Lyman	,cycling,,2,2,,,,
UA,UA-74538382B83226976460707,Antratsyt,cycling,,2,2,,,,
UA,UA-74538382B87091028068119,Dovzhansk,cycling,,2,2,,,,
UA,UA-74538382B24236776375789,Sorokyne,cycling,,2,2,,,,
UA,UA-74538382B68112456325611,Stanytsia-Luhanska,cycling,,2,2,,,,
UA,UA-74538382B61551312903365,Lutuhyne,cycling,,2,2,,,,
UA,UA-74538382B52931084418443,Perevalsk,cycling,,2,2,,,,
UA,UA-74538382B91393089585676,Slovianoserbsk,cycling,,2,2,,,,
UA,UA-74538382B39903021428362,Novoaidar,cycling,,2,2,,,,
UA,UA-74538382B64717019630205,Kreminna,cycling,,2,2,,,,
UA,UA-74538382B64368506092138,Svatove,cycling,,2,2,,,,
UA,UA-74538382B59316427092609,Troitske,cycling,,2,2,,,,
UA,UA-74538382B4772976790762,Starobilsk,cycling,,2,2,,,,
UA,UA-74538382B63146168478131,Bilovodsk,cycling,,2,2,,,,
UA,UA-74538382B35138885386576,Bilokurakyne,cycling,,2,2,,,,
UA,UA-74538382B72863696789776,Novopskov,cycling,,2,2,,,,
UA,UA-74538382B45881397075814,Markivka,cycling,,2,2,,,,
UA,UA-74538382B36709578446445,Milove,cycling,,2,2,,,,
UA,UA-74538382B71954626153569,Tomakivka,cycling,,2,2,,,,
UA,UA-74538382B8704633300515,Nikopol,cycling,,2,2,,,,
UA,UA-74538382B1179884845086,Apostolove,cycling,,2,2,,,,
UA,UA-74538382B48774443336138,Shyroke,cycling,,2,2,,,,
UA,UA-74538382B55212312657182,Kryvyi Rih,cycling,,2,2,,,,
UA,UA-74538382B92549368661816,Sofiyivka,cycling,,2,2,,,,
UA,UA-74538382B88063181617759,Piatykhatky,cycling,,2,2,,,,
UA,UA-74538382B5599119898653,Solone,cycling,,2,2,,,,
UA,UA-74538382B62641944087949,Krynychky,cycling,,2,2,,,,
UA,UA-74538382B32904543558628,Verkhnodniprovsk,cycling,,2,2,,,,
UA,UA-74538382B23045356862491,Dnipro,cycling,,2,2,,,,
UA,UA-74538382B42847215196778,Petrykivka,cycling,,2,2,,,,
UA,UA-74538382B85307919179669,Tsarychanka,cycling,,2,2,,,,
UA,UA-74538382B48526487653487,Pokrovske,cycling,,2,2,,,,
UA,UA-74538382B92973355473211,Mezhova,cycling,,2,2,,,,
UA,UA-74538382B93071120022649,Vasylkivka,cycling,,2,2,,,,
UA,UA-74538382B5074223078849,Synelnykove,cycling,,2,2,,,,
UA,UA-74538382B21914315222818,Petropavlivka,cycling,,2,2,,,,
UA,UA-74538382B927387955127,Pavlohrad,cycling,,2,2,,,,
UA,UA-74538382B42349939916707,Novomoskovsk,cycling,,2,2,,,,
UA,UA-74538382B69457923953865,Mahdalynivka,cycling,,2,2,,,,
UA,UA-74538382B23313109833663,Yurivka,cycling,,2,2,,,,
UA,UA-74538382B52051409545176,Blyzniuky,cycling,,2,2,,,,
UA,UA-74538382B56857399435570,Lozova,cycling,,2,2,,,,
UA,UA-74538382B15610245236220,Barvinkove,cycling,,2,2,,,,
UA,UA-74538382B150351319009,Sakhnovshchyna,cycling,,2,2,,,,
UA,UA-74538382B6869191817667,Zachepylivka,cycling,,2,2,,,,
UA,UA-74538382B31027470477493,Izium,cycling,,2,2,,,,
UA,UA-74538382B21323031073558,Borova,cycling,,2,2,,,,
UA,UA-74538382B8134714446697,Balakliia,cycling,,2,2,,,,
UA,UA-74538382B18579699267219,Kupiansk,cycling,,2,2,,,,
UA,UA-74538382B35146860339147,Dvorichna,cycling,,2,2,,,,
UA,UA-74538382B2803467564734,Pervomaiskyi,cycling,,2,2,,,,
UA,UA-74538382B98857993780727,Kehychivka,cycling,,2,2,,,,
UA,UA-74538382B7695117672354,Krasnohrad,cycling,,2,2,,,,
UA,UA-74538382B88288170046577,Shevchenkove,cycling,,2,2,,,,
UA,UA-74538382B51195623672150,Velykyi Burluk,cycling,,2,2,,,,
UA,UA-74538382B29130308321511,Chuhuiv,cycling,,2,2,,,,
UA,UA-74538382B40204431292765,Pechenihy,cycling,,2,2,,,,
UA,UA-74538382B35301744305605,Vovchansk,cycling,,2,2,,,,
UA,UA-74538382B19382473130603,Zmiiv,cycling,,2,2,,,,
UA,UA-74538382B6439769638360,Nova Vodolaha,cycling,,2,2,,,,
UA,UA-74538382B36501884751905,Kharkiv,cycling,,2,2,,,,
UA,UA-74538382B58806562521535,Derhachi,cycling,,2,2,,,,
UA,UA-74538382B7822777781560,Zolochiv,cycling,,2,2,,,,
UA,UA-74538382B13527376036469,Valky,cycling,,2,2,,,,
UA,UA-74538382B81311905240304,Kolomak,cycling,,2,2,,,,
UA,UA-74538382B32195622732164,Krasnokutsk,cycling,,2,2,,,,
UA,UA-74538382B2478883224653,Bohodukhiv,cycling,,2,2,,,,
UA,UA-74538382B51817175452920,Bobrynets,cycling,,2,2,,,,
UA,UA-74538382B67308569242211,Ustynivka,cycling,,2,2,,,,
UA,UA-74538382B40286307768032,Vilshanka,cycling,,2,2,,,,
UA,UA-74538382B8481477190191,Dolynska,cycling,,2,2,,,,
UA,UA-74538382B37223682167383,Petrove,cycling,,2,2,,,,
UA,UA-74538382B68550856765578,Holovanivsk,cycling,,2,2,,,,
UA,UA-74538382B99860915109561,Blahovishchenske,cycling,,2,2,,,,
UA,UA-74538382B37973254287789,Haivoron,cycling,,2,2,,,,
UA,UA-74538382B57034061820630,Dobrovelychkivka,cycling,,2,2,,,,
UA,UA-74538382B73277137080743,Novoarkhanhelsk,cycling,,2,2,,,,
UA,UA-74538382B86431925858942,Novoukrainka,cycling,,2,2,,,,
UA,UA-74538382B5065610238765,Kropyvnytskyi,cycling,,2,2,,,,
UA,UA-74538382B97447105405204,Novhorodka,cycling,,2,2,,,,
UA,UA-74538382B69842770208303,Oleksandriia,cycling,,2,2,,,,
UA,UA-74538382B79975421345437,Onufriivka,cycling,,2,2,,,,
UA,UA-74538382B332128375794,Svitlovodsk,cycling,,2,2,,,,
UA,UA-74538382B83616373915642,Znamianka,cycling,,2,2,,,,
UA,UA-74538382B33094259068281,Kompaniivka,cycling,,2,2,,,,
UA,UA-74538382B72798454015327,Mala Vyska,cycling,,2,2,,,,
UA,UA-74538382B62956114849097,Novomyrhorod,cycling,,2,2,,,,
UA,UA-74538382B64662360696322,Oleksandrivka,cycling,,2,2,,,,
UA,UA-74538382B88978880858250,Kobeliaky,cycling,,2,2,,,,
UA,UA-74538382B89155529549277,Kremenchuk,cycling,,2,2,,,,
UA,UA-74538382B4782887938967,Kozelshchyna,cycling,,2,2,,,,
UA,UA-74538382B44340415968020,Novi Sanzhary,cycling,,2,2,,,,
UA,UA-74538382B24211497806867,Mashivka,cycling,,2,2,,,,
UA,UA-74538382B83988407306770,Karlivka,cycling,,2,2,,,,
UA,UA-74538382B60535297050868,Chutove,cycling,,2,2,,,,
UA,UA-74538382B39784518508744,Poltava,cycling,,2,2,,,,
UA,UA-74538382B1295446134246,Kotelva,cycling,,2,2,,,,
UA,UA-74538382B30544134807890,Reshetylivka,cycling,,2,2,,,,
UA,UA-74538382B15303326410198,Hlobyne,cycling,,2,2,,,,
UA,UA-74538382B92678915216320,Semenivka,cycling,,2,2,,,,
UA,UA-74538382B97123961313815,Velyka Bahachka,cycling,,2,2,,,,
UA,UA-74538382B34796929779218,Shyshaky,cycling,,2,2,,,,
UA,UA-74538382B57466537231315,Dykanka,cycling,,2,2,,,,
UA,UA-74538382B88912930718320,Zinkiv,cycling,,2,2,,,,
UA,UA-74538382B15383579018603,Khorol,cycling,,2,2,,,,
UA,UA-74538382B32721525373151,Orzhytsia,cycling,,2,2,,,,
UA,UA-74538382B87722024081340,Hadiach,cycling,,2,2,,,,
UA,UA-74538382B63112784365900,Myrhorod,cycling,,2,2,,,,
UA,UA-74538382B28667917897493,Lubny,cycling,,2,2,,,,
UA,UA-74538382B63843280303146,Lokhvytsia,cycling,,2,2,,,,
UA,UA-74538382B30239669246101,Chornukhy,cycling,,2,2,,,,
UA,UA-74538382B1986372473405,Hrebinka,cycling,,2,2,,,,
UA,UA-74538382B82525342266993,Pyriatyn,cycling,,2,2,,,,
UA,UA-74538382B29845079622826,Okhtyrka,cycling,,2,2,,,,
UA,UA-74538382B36929178896395,Velyka Pysarivka,cycling,,2,2,,,,
UA,UA-74538382B23206158813586,Trostianets,cycling,,2,2,,,,
UA,UA-74538382B16544098233158,Krasnopillia,cycling,,2,2,,,,
UA,UA-74538382B20601682218189,Lebedyn,cycling,,2,2,,,,
UA,UA-74538382B37171380171685,Sumy,cycling,,2,2,,,,
UA,UA-74538382B62400854629938,Lypova Dolyna,cycling,,2,2,,,,
UA,UA-74538382B59597845190856,Romny,cycling,,2,2,,,,
UA,UA-74538382B29387965575909,Nedryhailiv,cycling,,2,2,,,,
UA,UA-74538382B88368635206807,Bilopillia,cycling,,2,2,,,,
UA,UA-74538382B72285239783987,Buryn,cycling,,2,2,,,,
UA,UA-74538382B53011721841283,Konotop,cycling,,2,2,,,,
UA,UA-74538382B23907235979788,Putyvl,cycling,,2,2,,,,
UA,UA-74538382B60331079617508,Krolevets,cycling,,2,2,,,,
UA,UA-74538382B34689599554445,Hlukhiv,cycling,,2,2,,,,
UA,UA-74538382B68405573431293,Shostka,cycling,,2,2,,,,
UA,UA-74538382B98557569749448,Yampil,cycling,,2,2,,,,
UA,UA-74538382B45068545633774,Seredyna-Buda,cycling,,2,2,,,,
UA,UA-74538382B23530210512837,Chyhyryn,cycling,,2,2,,,,
UA,UA-74538382B28496412060318,Drabiv,cycling,,2,2,,,,
UA,UA-74538382B10652079074389,Chornobai,cycling,,2,2,,,,
UA,UA-74538382B60018374136133,Kamianka,cycling,,2,2,,,,
UA,UA-74538382B40671988393633,Zolotonosha,cycling,,2,2,,,,
UA,UA-74538382B28718545705075,Cherkasy,cycling,,2,2,,,,
UA,UA-74538382B39705713449097,Smila,cycling,,2,2,,,,
UA,UA-74538382B83638043560631,Kaniv,cycling,,2,2,,,,
UA,UA-74538382B74898399385279,Shpola,cycling,,2,2,,,,
UA,UA-74538382B24094017923435,Horodysche,cycling,,2,2,,,,
UA,UA-74538382B57516616644069,Korsun-Shevchenkivskyi,cycling,,2,2,,,,
UA,UA-74538382B32197013600938,Uman,cycling,,2,2,,,,
UA,UA-74538382B17175920641899,Khrystynivka,cycling,,2,2,,,,
UA,UA-74538382B11218379347521,Monastyrysche,cycling,,2,2,,,,
UA,UA-74538382B91941622572963,Zhashkiv,cycling,,2,2,,,,
UA,UA-74538382B11416649963923,Mankivka,cycling,,2,2,,,,
UA,UA-74538382B77501055867639,Talne,cycling,,2,2,,,,
UA,UA-74538382B12367365780771,Katerynopil,cycling,,2,2,,,,
UA,UA-74538382B54532398243130,Zvenyhorodka,cycling,,2,2,,,,
UA,UA-74538382B82178564879136,Lysianka,cycling,,2,2,,,,
UA,UA-74538382B24000649598641,Bershad,cycling,,2,2,,,,
UA,UA-74538382B75813986727772,Teplyk,cycling,,2,2,,,,
UA,UA-74538382B32839428556025,Haisyn,cycling,,2,2,,,,
UA,UA-74538382B12709317910219,Illintsi,cycling,,2,2,,,,
UA,UA-74538382B94896655218904,Orativ,cycling,,2,2,,,,
UA,UA-74538382B56756126132930,Chechelnyk,cycling,,2,2,,,,
UA,UA-74538382B76388790181712,Trostianets,cycling,,2,2,,,,
UA,UA-74538382B19464931464269,Pishchanka,cycling,,2,2,,,,
UA,UA-74538382B49727252906057,Kryzhopil,cycling,,2,2,,,,
UA,UA-74538382B69268260028088,Pohrebyshche,cycling,,2,2,,,,
UA,UA-74538382B65548017442564,Koziatyn,cycling,,2,2,,,,
UA,UA-74538382B68255145682197,Yampil,cycling,,2,2,,,,
UA,UA-74538382B70813216743380,Tomashpil,cycling,,2,2,,,,
UA,UA-74538382B13174941050792,Tulchyn,cycling,,2,2,,,,
UA,UA-74538382B96857740504911,Nemyriv,cycling,,2,2,,,,
UA,UA-74538382B32198153584627,Lypovets,cycling,,2,2,,,,
UA,UA-74538382B48236413060906,Kalynivka,cycling,,2,2,,,,
UA,UA-74538382B89307192182420,Vinnytsia,cycling,,2,2,,,,
UA,UA-74538382B94405396686419,Tyvriv,cycling,,2,2,,,,
UA,UA-74538382B44263254033139,Sharhorod,cycling,,2,2,,,,
UA,UA-74538382B29634078398489,Chernivtsi,cycling,,2,2,,,,
UA,UA-74538382B34820599431847,Mohyliv-Podilskyi,cycling,,2,2,,,,
UA,UA-74538382B88010222583687,Murovani Kurylivtsi,cycling,,2,2,,,,
UA,UA-74538382B24202642451616,Bar,cycling,,2,2,,,,
UA,UA-74538382B80669310769437,Zhmerynka,cycling,,2,2,,,,
UA,UA-74538382B83246565510085,Lityn,cycling,,2,2,,,,
UA,UA-74538382B34104046396179,Khmilnyk,cycling,,2,2,,,,
UA,UA-74538382B54341051528669,Bakhmach,cycling,,2,2,,,,
UA,UA-74538382B73193392833506,Korop,cycling,,2,2,,,,
UA,UA-74538382B3760492540112,Novhorod-Siverskyi,cycling,,2,2,,,,
UA,UA-74538382B53480442802738,Talalaivka,cycling,,2,2,,,,
UA,UA-74538382B2732576684893,Sribne,cycling,,2,2,,,,
UA,UA-74538382B64867960998855,Varva,cycling,,2,2,,,,
UA,UA-74538382B22435039987726,Pryluky,cycling,,2,2,,,,
UA,UA-74538382B66083941235299,Ichnia,cycling,,2,2,,,,
UA,UA-74538382B98672866452807,Borzna,cycling,,2,2,,,,
UA,UA-74538382B2815970127948,Sosnytsia,cycling,,2,2,,,,
UA,UA-74538382B79592812488535,Semenivka,cycling,,2,2,,,,
UA,UA-74538382B49232640151190,Koriukivka,cycling,,2,2,,,,
UA,UA-74538382B90390774066886,Mena,cycling,,2,2,,,,
UA,UA-74538382B13559545331448,Snovsk,cycling,,2,2,,,,
UA,UA-74538382B46710488362187,Nizhyn,cycling,,2,2,,,,
UA,UA-74538382B79532442350116,Kulykivka,cycling,,2,2,,,,
UA,UA-74538382B60114922915625,Nosivka,cycling,,2,2,,,,
UA,UA-74538382B51921119694159,Bobrovytsia,cycling,,2,2,,,,
UA,UA-74538382B36516129113863,Kozelets,cycling,,2,2,,,,
UA,UA-74538382B44220139144156,Chernihiv,cycling,,2,2,,,,
UA,UA-74538382B77165188287872,Horodnia,cycling,,2,2,,,,
UA,UA-74538382B14499181024319,Ripky,cycling,,2,2,,,,
UA,UA-74538382B66987741978303,Sokyriany,cycling,,2,2,,,,
UA,UA-74538382B31362091857930,Kelmentsi,cycling,,2,2,,,,
UA,UA-74538382B59394362470608,Khotyn,cycling,,2,2,,,,
UA,UA-74538382B19402975726216,Novoselytsia,cycling,,2,2,,,,
UA,UA-74538382B90476934992990,Hertsa,cycling,,2,2,,,,
UA,UA-74538382B92550814183987,Hlyboka,cycling,,2,2,,,,
UA,UA-74538382B84300639272242,Zastavna,cycling,,2,2,,,,
UA,UA-74538382B32943992723151,Kitsman,cycling,,2,2,,,,
UA,UA-74538382B50216081867244,Storozhynets,cycling,,2,2,,,,
UA,UA-74538382B46813680897661,Vyzhnytsia,cycling,,2,2,,,,
UA,UA-74538382B95854535176158,Putyla,cycling,,2,2,,,,
UA,UA-74538382B56048434461160,Zghurivka,cycling,,2,2,,,,
UA,UA-74538382B27817216475835,Yahotyn,cycling,,2,2,,,,
UA,UA-74538382B16214498015051,Pereiaslav-Khmelnytskyi,cycling,,2,2,,,,
UA,UA-74538382B22204754731181,Baryshivka,cycling,,2,2,,,,
UA,UA-74538382B22798691386848,Tetiiv,cycling,,2,2,,,,
UA,UA-74538382B40749537195929,Stavyshche,cycling,,2,2,,,,
UA,UA-74538382B17419757649625,Tarashcha,cycling,,2,2,,,,
UA,UA-74538382B9928068726640,Bohuslav,cycling,,2,2,,,,
UA,UA-74538382B617661136852,Volodarka,cycling,,2,2,,,,
UA,UA-74538382B62388892645700,Myronivka,cycling,,2,2,,,,
UA,UA-74538382B34512881177192,Rokytne,cycling,,2,2,,,,
UA,UA-74538382B43652074637145,Kaharlyk,cycling,,2,2,,,,
UA,UA-74538382B23081700474846,Bila Tserkva,cycling,,2,2,,,,
UA,UA-74538382B88503218872177,Skvyra,cycling,,2,2,,,,
UA,UA-74538382B37624707153101,Fastiv,cycling,,2,2,,,,
UA,UA-74538382B61184512329122,Vasylkiv,cycling,,2,2,,,,
UA,UA-74538382B76274417735531,Obukhiv,cycling,,2,2,,,,
UA,UA-74538382B74226948291525,Boryspil,cycling,,2,2,,,,
UA,UA-74538382B7147656565480,Brovary,cycling,,2,2,,,,
UA,UA-74538382B60890943260132,Kyiv,cycling,,2,2,,,,
UA,UA-74538382B93599873315599,Makariv,cycling,,2,2,,,,
UA,UA-74538382B73944053970257,Kyiv-Sviatoshyn,cycling,,2,2,,,,
UA,UA-74538382B47612746607547,Vyshhorod,cycling,,2,2,,,,
UA,UA-74538382B66487059537692,Borodianka,cycling,,2,2,,,,
UA,UA-74538382B4751802602524,Ivankiv,cycling,,2,2,,,,
UA,UA-74538382B10593574397068,Poliske,cycling,,2,2,,,,
UA,UA-74538382B19184608500024,Verkhovyna,cycling,,2,2,,,,
UA,UA-74538382B20694939957091,Kosiv,cycling,,2,2,,,,
UA,UA-74538382B36952464312213,Sniatyn,cycling,,2,2,,,,
UA,UA-74538382B30474831618663,Horodenka,cycling,,2,2,,,,
UA,UA-74538382B6752863603231,Nova Ushytsia,cycling,,2,2,,,,
UA,UA-74538382B35313257426644,Kamianets-Podilskyi,cycling,,2,2,,,,
UA,UA-74538382B65826514960499,Dunaivti,cycling,,2,2,,,,
UA,UA-74538382B91689640579793,Chemerivtsi,cycling,,2,2,,,,
UA,UA-74538382B36449186606554,Vinkivtsi,cycling,,2,2,,,,
UA,UA-74538382B86638641463315,Derazhnia,cycling,,2,2,,,,
UA,UA-74538382B47304203822520,Yarmolyntsi,cycling,,2,2,,,,
UA,UA-74538382B30351514928450,Horodok,cycling,,2,2,,,,
UA,UA-74538382B98424349787745,Letychiv,cycling,,2,2,,,,
UA,UA-74538382B37791268598116,Khmelnytskyi,cycling,,2,2,,,,
UA,UA-74538382B71334227440013,Volochysk,cycling,,2,2,,,,
UA,UA-74538382B7503756017754,Stara Syniava,cycling,,2,2,,,,
UA,UA-74538382B5461763089897,Starokostiantyniv	,cycling,,2,2,,,,
UA,UA-74538382B48627824985747,Krasyliv,cycling,,2,2,,,,
UA,UA-74538382B9733134987595,Teofipol,cycling,,2,2,,,,
UA,UA-74538382B80427643782366,Bilohiria,cycling,,2,2,,,,
UA,UA-74538382B9177697938380,Iziaslav,cycling,,2,2,,,,
UA,UA-74538382B39868472225272,Polonne,cycling,,2,2,,,,
UA,UA-74538382B24249088550475,Shepetika,cycling,,2,2,,,,
UA,UA-74538382B69155666487417,Slavuta,cycling,,2,2,,,,
UA,UA-74538382B99424317893885,Ruzhyn,cycling,,2,2,,,,
UA,UA-74538382B13053028483551,Popilnia,cycling,,2,2,,,,
UA,UA-74538382B38609283059110,Brusyliv,cycling,,2,2,,,,
UA,UA-74538382B75855496887574,Andrushivka,cycling,,2,2,,,,
UA,UA-74538382B58798821419341,Berdychiv,cycling,,2,2,,,,
UA,UA-74538382B45059422214147,Chudniv,cycling,,2,2,,,,
UA,UA-74538382B80884786840021,Liubar,cycling,,2,2,,,,
UA,UA-74538382B64394372263090,Romaniv,cycling,,2,2,,,,
UA,UA-74538382B57692221763967,Zhytomyr,cycling,,2,2,,,,
UA,UA-74538382B95360083052097,Korostyshiv,cycling,,2,2,,,,
UA,UA-74538382B29600786349581,Radomyshl,cycling,,2,2,,,,
UA,UA-74538382B60330166440880,Cherniakhiv,cycling,,2,2,,,,
UA,UA-74538382B58237861988874,Baranivka,cycling,,2,2,,,,
UA,UA-74538382B63160428645400,Pulyny,cycling,,2,2,,,,
UA,UA-74538382B5063322332018,Khoroshiv,cycling,,2,2,,,,
UA,UA-74538382B40041339344288,Malyn,cycling,,2,2,,,,
UA,UA-74538382B60921908613861,Narodychi,cycling,,2,2,,,,
UA,UA-74538382B7363516927626,Zviahel,cycling,,2,2,,,,
UA,UA-74538382B40940873671576,Yemilchyne,cycling,,2,2,,,,
UA,UA-74538382B96819013794956,Korosten,cycling,,2,2,,,,
UA,UA-74538382B69405527085585,Luhyny,cycling,,2,2,,,,
UA,UA-74538382B68825553908118,Ovruch,cycling,,2,2,,,,
UA,UA-74538382B52142389762962,Olevsk,cycling,,2,2,,,,
UA,UA-74538382B22557738225705,Rakhiv,cycling,,2,2,,,,
UA,UA-74538382B28282753236246,Tiachiv,cycling,,2,2,,,,
UA,UA-74538382B83702656309397,Khust,cycling,,2,2,,,,
UA,UA-74538382B15580280288408,Mizhhiria,cycling,,2,2,,,,
UA,UA-74538382B49148069101278,Vynohradiv,cycling,,2,2,,,,
UA,UA-74538382B3065549299103,Irshava,cycling,,2,2,,,,
UA,UA-74538382B96313823976943,Berehove,cycling,,2,2,,,,
UA,UA-74538382B62918888567345,Volovets,cycling,,2,2,,,,
UA,UA-74538382B32054609841265,Svaliava,cycling,,2,2,,,,
UA,UA-74538382B46145703776809,Mukachevo	,cycling,,2,2,,,,
UA,UA-74538382B77535249747568,Uzhhorod,cycling,,2,2,,,,
UA,UA-74538382B51879903679765,Perechyn,cycling,,2,2,,,,
UA,UA-74538382B40204965193592,Velykyy Bereznyi,cycling,,2,2,,,,
UA,UA-74538382B17645619358290,Berezne,cycling,,2,2,,,,
UA,UA-74538382B57991939893011,Rokytne,cycling,,2,2,,,,
UA,UA-74538382B86462977342473,Korets,cycling,,2,2,,,,
UA,UA-74538382B17610954663111,Dubrovytsia,cycling,,2,2,,,,
UA,UA-74538382B81176113996215,Zarichne,cycling,,2,2,,,,
UA,UA-74538382B1350322387743,Sarny,cycling,,2,2,,,,
UA,UA-74538382B53393246886202,Volodymyrets,cycling,,2,2,,,,
UA,UA-74538382B91945064938376,Kostopil,cycling,,2,2,,,,
UA,UA-74538382B44501351674000,Hoshcha,cycling,,2,2,,,,
UA,UA-74538382B36980255523800,Rivne,cycling,,2,2,,,,
UA,UA-74538382B47818615416103,Ostroh,cycling,,2,2,,,,
UA,UA-74538382B92334683682599,Zdolbuniv,cycling,,2,2,,,,
UA,UA-74538382B57022409328323,Dubno,cycling,,2,2,,,,
UA,UA-74538382B5882796525163,Mlyniv,cycling,,2,2,,,,
UA,UA-74538382B42037419255148,Demydivka,cycling,,2,2,,,,
UA,UA-74538382B1361262622940,Radyvyliv,cycling,,2,2,,,,
UA,UA-74538382B11484774081003,Borschiv,cycling,,2,2,,,,
UA,UA-74538382B43402639614828,Chortkiv,cycling,,2,2,,,,
UA,UA-74538382B3900479393084,Zalishchyky,cycling,,2,2,,,,
UA,UA-74538382B80134977422421,Husiatyn,cycling,,2,2,,,,
UA,UA-74538382B47122589681539,Pidvolochysk,cycling,,2,2,,,,
UA,UA-74538382B3075345491126,Lanivtsi,cycling,,2,2,,,,
UA,UA-74538382B74407255776409,Shumsk,cycling,,2,2,,,,
UA,UA-74538382B23242546961479,Kremenets,cycling,,2,2,,,,
UA,UA-74538382B95195670192940,Zbarazh,cycling,,2,2,,,,
UA,UA-74538382B70043309892570,Zboriv,cycling,,2,2,,,,
UA,UA-74538382B88282912225835,Ternopil,cycling,,2,2,,,,
UA,UA-74538382B1294553244801,Terebovlia,cycling,,2,2,,,,
UA,UA-74538382B56097972279611,Kozova,cycling,,2,2,,,,
UA,UA-74538382B92053116813832,Buchach,cycling,,2,2,,,,
UA,UA-74538382B5205170334636,Berezhany,cycling,,2,2,,,,
UA,UA-74538382B49196130715862,Pidhaitsi,cycling,,2,2,,,,
UA,UA-74538382B71617713265509,Monastyryska,cycling,,2,2,,,,
UA,UA-74538382B50995532185808,Manevychi,cycling,,2,2,,,,
UA,UA-74538382B39410931329464,Kivertsi,cycling,,2,2,,,,
UA,UA-74538382B51989583187875,Liubeshiv,cycling,,2,2,,,,
UA,UA-74538382B46392233077619,Lutsk	,cycling,,2,2,,,,
UA,UA-74538382B72519912366476,Horokhiv,cycling,,2,2,,,,
UA,UA-74538382B51634820959847,Ivanychi,cycling,,2,2,,,,
UA,UA-74538382B10219511542041,Lokachi,cycling,,2,2,,,,
UA,UA-74538382B88565682266832,Rozhyshche,cycling,,2,2,,,,
UA,UA-74538382B9478118461291,Volodymyr,cycling,,2,2,,,,
UA,UA-74538382B27163197759285,Turiisk,cycling,,2,2,,,,
UA,UA-74538382B22320856317626,Kovel,cycling,,2,2,,,,
UA,UA-74538382B72123275564902,Liuboml,cycling,,2,2,,,,
UA,UA-74538382B62397743463351,Stara Vyzhivka,cycling,,2,2,,,,
UA,UA-74538382B5714887404176,Shatsk,cycling,,2,2,,,,
UA,UA-74538382B64329946545346,Kamin-Kashyrskyi,cycling,,2,2,,,,
UA,UA-74538382B19676868566368,Ratne,cycling,,2,2,,,,
UA,UA-74538382B88874986196834,Tlumach,cycling,,2,2,,,,
UA,UA-74538382B92026031653361,Kolomyia,cycling,,2,2,,,,
UA,UA-74538382B63824501838973,Nadvirna,cycling,,2,2,,,,
UA,UA-74538382B41206945038645,Tysmenytsia,cycling,,2,2,,,,
UA,UA-74538382B65631972109498,Bohorodchany,cycling,,2,2,,,,
UA,UA-74538382B89403854124425,Rozhniativ,cycling,,2,2,,,,
UA,UA-74538382B20988283989287,Dolyna,cycling,,2,2,,,,
UA,UA-74538382B82550284733464,Kalush,cycling,,2,2,,,,
UA,UA-74538382B19576586324749,Halych,cycling,,2,2,,,,
UA,UA-74538382B68321020452379,Rohatyn,cycling,,2,2,,,,
UA,UA-74538382B56277130334747,Brody,cycling,,2,2,,,,
UA,UA-74538382B89589789730679,Busk,cycling,,2,2,,,,
UA,UA-74538382B27097146636711,Zolochiv,cycling,,2,2,,,,
UA,UA-74538382B58827440346499,Peremyshliany,cycling,,2,2,,,,
UA,UA-74538382B73482868346165,Zhydachiv,cycling,,2,2,,,,
UA,UA-74538382B24886275593146,Stryi,cycling,,2,2,,,,
UA,UA-74538382B50426750850815,Skole,cycling,,2,2,,,,
UA,UA-74538382B48347776111848,Turka,cycling,,2,2,,,,
UA,UA-74538382B46794704390703,Mykolaiv,cycling,,2,2,,,,
UA,UA-74538382B88125912704040,Drohobych,cycling,,2,2,,,,
UA,UA-74538382B78037249212092,Staryi Sambir,cycling,,2,2,,,,
UA,UA-74538382B27410242056643,Sambir,cycling,,2,2,,,,
UA,UA-74538382B10043952621964,Mostyska,cycling,,2,2,,,,
UA,UA-74538382B46853229377150,Horodok,cycling,,2,2,,,,
UA,UA-74538382B29269701893700,Pustomyty,cycling,,2,2,,,,
UA,UA-74538382B49623999622134,Yavoriv,cycling,,2,2,,,,
UA,UA-74538382B52096657726601,Radekhiv,cycling,,2,2,,,,
UA,UA-74538382B79038092338263,Kamianka-Buzka,cycling,,2,2,,,,
UA,UA-74538382B85427402456891,Zhovkva,cycling,,2,2,,,,
UA,UA-74538382B97249439308301,Sokal,cycling,,2,2,,,,
UA,UA-74538382B47758211773177,Saky,cycling,,2,2,,,,
UA,UA-74538382B3276437105714,Nakhimovskyi,cycling,,2,2,,,,
UA,UA-74538382B30799636343123,Leninskyi,cycling,,2,2,,,,
UA,UA-74538382B52948461958272,Balakavaskyi,cycling,,2,2,,,,
UA,UA-74538382B18343308961646,Gagarin,cycling,,2,2,,,,
UA,UA-74538382B55408999642819,Popasna,cycling,,2,2,,,,
MD,MD-MD-CA,Cahul,cycling,,2,2,,,,
MD,MD-MD-GA,Gagauzia,cycling,,2,2,,,,
MD,MD-MD-TA,Taraclia,cycling,,2,2,,,,
MD,MD-MD-CT,Cantemir,cycling,,2,2,,,,
MD,MD-MD-BS,Basarabeasca,cycling,,2,2,,,,
MD,MD-MD-LE,Leova,cycling,,2,2,,,,
MD,MD-MD-CM,Cimislia,cycling,,2,2,,,,
MD,MD-MD-SV,Stefan Voda,cycling,,2,2,,,,
MD,MD-MD-BD,Bender,cycling,,2,2,,,,
MD,MD-MD-CS,Causeni,cycling,,2,2,,,,
MD,MD-MD-HI,Hincesti,cycling,,2,2,,,,
MD,MD-MD-IA,Ialoveni,cycling,,2,2,,,,
MD,MD-MD-NI,Nisporeni,cycling,,2,2,,,,
MD,MD-MD-CU,Chisinau,cycling,,2,2,,,,
MD,MD-MD-AN,Anenii Noi,cycling,,2,2,,,,
MD,MD-MD-CR,Criuleni,cycling,,2,2,,,,
MD,MD-MD-ST,Straseni,cycling,,2,2,,,,
MD,MD-MD-UN,Ungheni,cycling,,2,2,,,,
MD,MD-MD-DU,Dubasari,cycling,,2,2,,,,
MD,MD-MD-CL,Calarasi,cycling,,2,2,,,,
MD,MD-MD-SN,Transnistria,cycling,,2,2,,,,
MD,MD-MD-FA,Falesti,cycling,,2,2,,,,
MD,MD-MD-OR,Orhei,cycling,,2,2,,,,
MD,MD-MD-GL,Glodeni,cycling,,2,2,,,,
MD,MD-MD-BA,Balti,cycling,,2,2,,,,
MD,MD-MD-TE,Telenesti,cycling,,2,2,,,,
MD,MD-MD-SI,SIngerei,cycling,,2,2,,,,
MD,MD-MD-RI,RIscani,cycling,,2,2,,,,
MD,MD-MD-RE,Rezina,cycling,,2,2,,,,
MD,MD-MD-SD,Soldanesti,cycling,,2,2,,,,
MD,MD-MD-FL,Floresti,cycling,,2,2,,,,
MD,MD-MD-DR,Drochia,cycling,,2,2,,,,
MD,MD-MD-ED,Edinet,cycling,,2,2,,,,
MD,MD-MD-BR,Briceni,cycling,,2,2,,,,
MD,MD-MD-SO,Soroca,cycling,,2,2,,,,
MD,MD-MD-DO,Donduseni,cycling,,2,2,,,,
MD,MD-MD-OC,Ocnita,cycling,,2,2,,,,
AD,AD-AD-06,Sant Julia de Loria,cycling,,2,2,,,,
AD,AD-AD-05,Ordino,cycling,,2,2,,,,
AD,AD-AD-04,La Massana,cycling,,2,2,,,,
AD,AD-AD-07,Andorra la Vella,cycling,,2,2,,,,
SM,SM-SM-01,Acquaviva,cycling,,2,2,,,,
SM,SM-SM-06,Borgo Maggiore,cycling,,2,2,,,,
SM,SM-SM-02,Chiesanuova,cycling,,2,2,,,,
SM,SM-SM-03,Domagnano,cycling,,2,2,,,,
SM,SM-SM-04,Faetano,cycling,,2,2,,,,
SM,SM-SM-05,Fiorentino,cycling,,2,2,,,,
SM,SM-SM-08,Montegiardino,cycling,,2,2,,,,
SM,SM-SM-07,Città di San Marino,cycling,,2,2,,,,
SM,SM-SM-09,Serravalle,cycling,,2,2,,,,
FO,FO-FRO,Faroe Islands,cycling,,2,2,,,,
MC,MC-MCO,Monaco,cycling,,2,2,,,,
GB,TLC31,Hartlepool and Stockton-on-Tees,cycling,,2,1,,,,
GB,TLD35,Greater Manchester South East,cycling,,2,1,,,,
GB,TLD72,Liverpool,cycling,,2,1,,,,
GB,TLE13,North and North East Lincolnshire,cycling,,2,1,,,,
GB,TLE41,Bradford,cycling,,2,1,,,,
GB,TLF14,Nottingham,cycling,,2,1,,,,
GB,TLF22,Leicestershire CC and Rutland,cycling,,2,1,,,,
GB,TLF25,North Northamptonshire,cycling,,2,1,,,,
GB,TLG37,Sandwell,cycling,,3,1,,,,
GB,TLG38,Walsall,cycling,,3,1,,,,
GB,TLI41,Hackney and Newham,cycling,,2,1,,,,
GB,TLI52,Barking & Dagenham and Havering,cycling,,2,1,,,,
GB,TLI62,Croydon,cycling,,2,1,,,,
GB,TLK71,Swindon,cycling,,2,1,,,,
GB,TLK72,Wiltshire,cycling,,2,1,,,,
GB,TLL44,Neath Port Talbot,cycling,,2,1,,,,
GB,TLL53,Gwent Valleys,cycling,,3,1,,,,
GB,TLM01,Clackmannanshire and Fife,cycling,,3,1,,,,
